outlet,url,fetch_status,parse_error,discovery_channels
pravda,https://www.pravda.com.ua/news/2023/05/03/7400441/,429,,day_archive
pravda,https://www.pravda.com.ua/news/2023/05/03/7400453/,429,,day_archive
pravda,https://www.pravda.com.ua/news/2023/05/03/7400471/,429,,day_archive
pravda,https://www.pravda.com.ua/news/2023/05/04/7400581/,429,,day_archive
pravda,https://www.pravda.com.ua/news/2023/05/04/7400582/,429,,day_archive
pravda,https://www.pravda.com.ua/news/2023/05/04/7400588/,429,,day_archive
pravda,https://www.pravda.com.ua/news/2023/05/04/7400607/,429,,day_archive
pravda,https://www.pravda.com.ua/news/2023/05/04/7400614/,429,,day_archive
pravda,https://www.pravda.com.ua/news/2023/05/04/7400622/,429,,day_archive
pravda,https://www.pravda.com.ua/news/2023/05/04/7400628/,429,,day_archive
pravda,https://www.pravda.com.ua/news/2023/05/04/7400630/,429,,day_archive
pravda,https://www.pravda.com.ua/news/2023/05/04/7400656/,429,,day_archive
pravda,https://www.pravda.com.ua/news/2023/05/04/7400690/,429,,day_archive
pravda,https://www.pravda.com.ua/news/2023/05/04/7400694/,429,,day_archive
pravda,https://www.pravda.com.ua/news/2023/05/04/7400695/,429,,day_archive
pravda,https://www.pravda.com.ua/news/2023/05/04/7400749/,429,,day_archive
pravda,https://www.pravda.com.ua/news/2023/05/05/7400757/,429,,day_archive
pravda,https://www.pravda.com.ua/news/2023/05/05/7400762/,429,,day_archive
pravda,https://www.pravda.com.ua/news/2023/05/05/7400799/,429,,day_archive
pravda,https://www.pravda.com.ua/news/2023/05/05/7400809/,429,,day_archive
pravda,https://www.pravda.com.ua/news/2023/05/05/7400839/,429,,day_archive
pravda,https://www.pravda.com.ua/news/2023/05/05/7400851/,429,,day_archive
pravda,https://www.pravda.com.ua/news/2023/05/05/7400852/,429,,day_archive
pravda,https://www.pravda.com.ua/news/2023/05/05/7400863/,429,,day_archive
pravda,https://www.pravda.com.ua/news/2023/05/06/7400978/,429,,day_archive
pravda,https://www.pravda.com.ua/news/2023/05/07/7401022/,429,,day_archive
pravda,https://www.pravda.com.ua/news/2023/05/07/7401042/,429,,day_archive
pravda,https://www.pravda.com.ua/news/2023/05/07/7401045/,429,,day_archive
pravda,https://www.pravda.com.ua/news/2023/05/07/7401053/,429,,day_archive
pravda,https://www.pravda.com.ua/news/2023/05/07/7401059/,429,,day_archive
pravda,https://www.pravda.com.ua/news/2023/05/07/7401089/,429,,day_archive
pravda,https://www.pravda.com.ua/news/2023/05/08/7401133/,429,,day_archive
pravda,https://www.pravda.com.ua/news/2023/05/08/7401135/,429,,day_archive
pravda,https://www.pravda.com.ua/news/2023/05/08/7401139/,429,,day_archive
pravda,https://www.pravda.com.ua/news/2023/05/08/7401153/,429,,day_archive
pravda,https://www.pravda.com.ua/news/2023/05/08/7401179/,429,,day_archive
pravda,https://www.pravda.com.ua/news/2023/05/08/7401225/,429,,day_archive
pravda,https://www.pravda.com.ua/news/2023/05/08/7401228/,429,,day_archive
pravda,https://www.pravda.com.ua/news/2023/05/08/7401247/,429,,day_archive
pravda,https://www.pravda.com.ua/news/2023/05/08/7401248/,429,,day_archive
pravda,https://www.pravda.com.ua/news/2023/05/08/7401253/,429,,day_archive
pravda,https://www.pravda.com.ua/news/2023/05/08/7401256/,429,,day_archive
pravda,https://www.pravda.com.ua/news/2023/05/09/7401261/,429,,day_archive
pravda,https://www.pravda.com.ua/news/2023/05/09/7401266/,429,,day_archive
pravda,https://www.pravda.com.ua/news/2023/05/09/7401269/,429,,day_archive
pravda,https://www.pravda.com.ua/news/2023/05/09/7401272/,429,,day_archive
pravda,https://www.pravda.com.ua/news/2023/05/09/7401277/,429,,day_archive
pravda,https://www.pravda.com.ua/news/2023/05/09/7401300/,429,,day_archive
pravda,https://www.pravda.com.ua/news/2023/05/09/7401302/,429,,day_archive
pravda,https://www.pravda.com.ua/news/2023/05/09/7401303/,429,,day_archive
pravda,https://www.pravda.com.ua/news/2023/05/09/7401324/,429,,day_archive
pravda,https://www.pravda.com.ua/news/2023/05/09/7401325/,429,,day_archive
pravda,https://www.pravda.com.ua/news/2023/05/09/7401327/,429,,day_archive
pravda,https://www.pravda.com.ua/news/2023/05/09/7401328/,429,,day_archive
pravda,https://www.pravda.com.ua/news/2023/05/10/7401442/,429,,day_archive
pravda,https://www.pravda.com.ua/news/2023/05/10/7401445/,429,,day_archive
pravda,https://www.pravda.com.ua/news/2023/05/10/7401446/,429,,day_archive
pravda,https://www.pravda.com.ua/news/2023/05/10/7401453/,429,,day_archive
pravda,https://www.pravda.com.ua/news/2023/05/10/7401474/,429,,day_archive
pravda,https://www.pravda.com.ua/news/2023/05/10/7401485/,429,,day_archive
pravda,https://www.pravda.com.ua/news/2023/05/10/7401500/,429,,day_archive
pravda,https://www.pravda.com.ua/news/2023/05/10/7401510/,429,,day_archive
pravda,https://www.pravda.com.ua/news/2023/05/10/7401514/,429,,day_archive
pravda,https://www.pravda.com.ua/news/2023/05/10/7401518/,429,,day_archive
pravda,https://www.pravda.com.ua/news/2023/05/10/7401528/,429,,day_archive
pravda,https://www.pravda.com.ua/news/2023/05/10/7401575/,429,,day_archive
pravda,https://www.pravda.com.ua/news/2023/05/10/7401576/,429,,day_archive
pravda,https://www.pravda.com.ua/news/2023/05/10/7401585/,429,,day_archive
pravda,https://www.pravda.com.ua/news/2023/05/10/7401591/,429,,day_archive
pravda,https://www.pravda.com.ua/news/2023/05/10/7401596/,429,,day_archive
pravda,https://www.pravda.com.ua/news/2023/05/10/7401599/,429,,day_archive
pravda,https://www.pravda.com.ua/news/2023/05/10/7401602/,429,,day_archive
pravda,https://www.pravda.com.ua/news/2023/05/11/7401618/,429,,day_archive
pravda,https://www.pravda.com.ua/news/2023/05/11/7401625/,429,,day_archive
pravda,https://www.pravda.com.ua/news/2023/05/11/7401631/,429,,day_archive
pravda,https://www.pravda.com.ua/news/2023/05/11/7401682/,429,,day_archive
pravda,https://www.pravda.com.ua/news/2023/05/11/7401729/,429,,day_archive
pravda,https://www.pravda.com.ua/news/2023/05/11/7401741/,429,,day_archive
pravda,https://www.pravda.com.ua/news/2023/05/11/7401744/,429,,day_archive
pravda,https://www.pravda.com.ua/news/2023/05/12/7401858/,429,,day_archive
pravda,https://www.pravda.com.ua/news/2023/05/12/7401877/,429,,day_archive
pravda,https://www.pravda.com.ua/news/2023/05/12/7401882/,429,,day_archive
pravda,https://www.pravda.com.ua/news/2023/05/12/7401896/,429,,day_archive
pravda,https://www.pravda.com.ua/news/2023/05/12/7401904/,429,,day_archive
pravda,https://www.pravda.com.ua/news/2023/05/12/7401906/,429,,day_archive
pravda,https://www.pravda.com.ua/news/2023/05/12/7401916/,429,,day_archive
pravda,https://www.pravda.com.ua/news/2023/05/12/7401929/,429,,day_archive
pravda,https://www.pravda.com.ua/news/2023/05/12/7401971/,429,,day_archive
pravda,https://www.pravda.com.ua/news/2023/05/12/7401978/,429,,day_archive
pravda,https://www.pravda.com.ua/news/2023/05/12/7401982/,429,,day_archive
pravda,https://www.pravda.com.ua/news/2023/05/13/7401995/,429,,day_archive
pravda,https://www.pravda.com.ua/news/2023/05/13/7402000/,429,,day_archive
pravda,https://www.pravda.com.ua/news/2023/05/13/7402026/,429,,day_archive
pravda,https://www.pravda.com.ua/news/2023/05/13/7402052/,429,,day_archive
pravda,https://www.pravda.com.ua/news/2023/05/13/7402055/,429,,day_archive
pravda,https://www.pravda.com.ua/news/2023/05/13/7402069/,429,,day_archive
pravda,https://www.pravda.com.ua/news/2023/05/13/7402070/,429,,day_archive
pravda,https://www.pravda.com.ua/news/2023/05/13/7402077/,429,,day_archive
pravda,https://www.pravda.com.ua/news/2023/05/13/7402084/,429,,day_archive
pravda,https://www.pravda.com.ua/news/2023/05/14/7402091/,429,,day_archive
pravda,https://www.pravda.com.ua/news/2023/05/14/7402092/,429,,day_archive
pravda,https://www.pravda.com.ua/news/2023/05/14/7402099/,429,,day_archive
pravda,https://www.pravda.com.ua/news/2023/05/14/7402106/,429,,day_archive
pravda,https://www.pravda.com.ua/news/2023/05/15/7402220/,429,,day_archive
pravda,https://www.pravda.com.ua/news/2023/05/15/7402251/,429,,day_archive
pravda,https://www.pravda.com.ua/news/2023/05/15/7402255/,429,,day_archive
pravda,https://www.pravda.com.ua/news/2023/05/15/7402257/,429,,day_archive
pravda,https://www.pravda.com.ua/news/2023/05/15/7402260/,429,,day_archive
pravda,https://www.pravda.com.ua/news/2023/05/15/7402268/,429,,day_archive
pravda,https://www.pravda.com.ua/news/2023/05/15/7402291/,429,,day_archive
pravda,https://www.pravda.com.ua/news/2023/05/15/7402294/,429,,day_archive
pravda,https://www.pravda.com.ua/news/2023/05/15/7402331/,429,,day_archive
pravda,https://www.pravda.com.ua/news/2023/05/16/7402357/,429,,day_archive
pravda,https://www.pravda.com.ua/news/2023/05/16/7402359/,429,,day_archive
pravda,https://www.pravda.com.ua/news/2023/05/16/7402363/,429,,day_archive
pravda,https://www.pravda.com.ua/news/2023/05/16/7402365/,429,,day_archive
pravda,https://www.pravda.com.ua/news/2023/05/16/7402368/,429,,day_archive
pravda,https://www.pravda.com.ua/news/2023/05/16/7402380/,429,,day_archive
pravda,https://www.pravda.com.ua/news/2023/05/16/7402389/,429,,day_archive
pravda,https://www.pravda.com.ua/news/2023/05/16/7402399/,429,,day_archive
pravda,https://www.pravda.com.ua/news/2023/05/16/7402403/,429,,day_archive
pravda,https://www.pravda.com.ua/news/2023/05/16/7402406/,429,,day_archive
pravda,https://www.pravda.com.ua/news/2023/05/16/7402413/,429,,day_archive
pravda,https://www.pravda.com.ua/news/2023/05/16/7402414/,429,,day_archive
pravda,https://www.pravda.com.ua/news/2023/05/16/7402421/,429,,day_archive
pravda,https://www.pravda.com.ua/news/2023/05/16/7402422/,429,,day_archive
pravda,https://www.pravda.com.ua/news/2023/05/16/7402444/,429,,day_archive
pravda,https://www.pravda.com.ua/news/2023/05/16/7402450/,429,,day_archive
pravda,https://www.pravda.com.ua/news/2023/05/16/7402459/,429,,day_archive
pravda,https://www.pravda.com.ua/news/2023/05/16/7402481/,429,,day_archive
pravda,https://www.pravda.com.ua/news/2023/05/16/7402486/,429,,day_archive
pravda,https://www.pravda.com.ua/news/2023/05/17/7402588/,429,,day_archive
pravda,https://www.pravda.com.ua/news/2023/05/17/7402596/,429,,day_archive
pravda,https://www.pravda.com.ua/news/2023/05/17/7402605/,429,,day_archive
pravda,https://www.pravda.com.ua/news/2023/05/17/7402606/,429,,day_archive
pravda,https://www.pravda.com.ua/news/2023/05/17/7402609/,429,,day_archive
pravda,https://www.pravda.com.ua/news/2023/05/17/7402613/,429,,day_archive
pravda,https://www.pravda.com.ua/news/2023/05/17/7402615/,429,,day_archive
pravda,https://www.pravda.com.ua/news/2023/05/17/7402623/,429,,day_archive
pravda,https://www.pravda.com.ua/news/2023/05/17/7402631/,429,,day_archive
pravda,https://www.pravda.com.ua/news/2023/05/17/7402637/,429,,day_archive
pravda,https://www.pravda.com.ua/news/2023/05/17/7402638/,429,,day_archive
pravda,https://www.pravda.com.ua/news/2023/05/17/7402662/,429,,day_archive
pravda,https://www.pravda.com.ua/news/2023/05/17/7402676/,429,,day_archive
pravda,https://www.pravda.com.ua/news/2023/05/17/7402681/,429,,day_archive
pravda,https://www.pravda.com.ua/news/2023/05/17/7402683/,429,,day_archive
pravda,https://www.pravda.com.ua/news/2023/05/17/7402684/,429,,day_archive
pravda,https://www.pravda.com.ua/news/2023/05/18/7402698/,429,,day_archive
pravda,https://www.pravda.com.ua/news/2023/05/18/7402707/,429,,day_archive
pravda,https://www.pravda.com.ua/news/2023/05/18/7402708/,429,,day_archive
pravda,https://www.pravda.com.ua/news/2023/05/18/7402729/,429,,day_archive
pravda,https://www.pravda.com.ua/news/2023/05/18/7402765/,429,,day_archive
pravda,https://www.pravda.com.ua/news/2023/05/18/7402772/,429,,day_archive
pravda,https://www.pravda.com.ua/news/2023/05/18/7402774/,429,,day_archive
pravda,https://www.pravda.com.ua/news/2023/05/18/7402781/,429,,day_archive
pravda,https://www.pravda.com.ua/news/2023/05/18/7402797/,429,,day_archive
pravda,https://www.pravda.com.ua/news/2023/05/18/7402824/,429,,day_archive
pravda,https://www.pravda.com.ua/news/2023/05/18/7402835/,429,,day_archive
pravda,https://www.pravda.com.ua/news/2023/05/18/7402860/,429,,day_archive
pravda,https://www.pravda.com.ua/news/2023/05/19/7402867/,429,,day_archive
pravda,https://www.pravda.com.ua/news/2023/05/19/7402868/,429,,day_archive
pravda,https://www.pravda.com.ua/news/2023/05/19/7402978/,429,,day_archive
pravda,https://www.pravda.com.ua/news/2023/05/19/7402990/,429,,day_archive
pravda,https://www.pravda.com.ua/news/2023/05/19/7403016/,429,,day_archive
pravda,https://www.pravda.com.ua/news/2023/05/19/7403018/,429,,day_archive
pravda,https://www.pravda.com.ua/news/2023/05/19/7403019/,429,,day_archive
pravda,https://www.pravda.com.ua/news/2023/05/19/7403030/,429,,day_archive
pravda,https://www.pravda.com.ua/news/2023/05/20/7403040/,429,,day_archive
pravda,https://www.pravda.com.ua/news/2023/05/20/7403047/,429,,day_archive
pravda,https://www.pravda.com.ua/news/2023/05/20/7403053/,429,,day_archive
pravda,https://www.pravda.com.ua/news/2023/05/20/7403078/,429,,day_archive
pravda,https://www.pravda.com.ua/news/2023/05/20/7403085/,429,,day_archive
pravda,https://www.pravda.com.ua/news/2023/05/20/7403097/,429,,day_archive
pravda,https://www.pravda.com.ua/news/2023/05/20/7403110/,429,,day_archive
pravda,https://www.pravda.com.ua/news/2023/05/20/7403116/,429,,day_archive
pravda,https://www.pravda.com.ua/news/2023/05/20/7403117/,429,,day_archive
pravda,https://www.pravda.com.ua/news/2023/05/20/7403126/,429,,day_archive
pravda,https://www.pravda.com.ua/news/2023/05/21/7403131/,429,,day_archive
pravda,https://www.pravda.com.ua/news/2023/05/21/7403145/,429,,day_archive
pravda,https://www.pravda.com.ua/news/2023/05/21/7403150/,429,,day_archive
pravda,https://www.pravda.com.ua/news/2023/05/21/7403153/,429,,day_archive
pravda,https://www.pravda.com.ua/news/2023/05/21/7403157/,429,,day_archive
pravda,https://www.pravda.com.ua/news/2023/05/21/7403187/,429,,day_archive
pravda,https://www.pravda.com.ua/news/2023/05/21/7403191/,429,,day_archive
pravda,https://www.pravda.com.ua/news/2023/05/21/7403201/,429,,day_archive
pravda,https://www.pravda.com.ua/news/2023/05/22/7403225/,429,,day_archive
pravda,https://www.pravda.com.ua/news/2023/05/22/7403228/,429,,day_archive
pravda,https://www.pravda.com.ua/news/2023/05/22/7403230/,429,,day_archive
pravda,https://www.pravda.com.ua/news/2023/05/22/7403389/,429,,day_archive
pravda,https://www.pravda.com.ua/news/2023/05/23/7403398/,429,,day_archive
pravda,https://www.pravda.com.ua/news/2023/05/23/7403400/,429,,day_archive
pravda,https://www.pravda.com.ua/news/2023/05/23/7403437/,429,,day_archive
pravda,https://www.pravda.com.ua/news/2023/05/23/7403446/,429,,day_archive
pravda,https://www.pravda.com.ua/news/2023/05/23/7403458/,429,,day_archive
pravda,https://www.pravda.com.ua/news/2023/05/23/7403491/,429,,day_archive
pravda,https://www.pravda.com.ua/news/2023/05/23/7403504/,429,,day_archive
pravda,https://www.pravda.com.ua/news/2023/05/23/7403513/,429,,day_archive
pravda,https://www.pravda.com.ua/news/2023/05/23/7403519/,429,,day_archive
pravda,https://www.pravda.com.ua/news/2023/05/23/7403527/,429,,day_archive
pravda,https://www.pravda.com.ua/news/2023/05/23/7403538/,429,,day_archive
pravda,https://www.pravda.com.ua/news/2023/05/23/7403548/,429,,day_archive
pravda,https://www.pravda.com.ua/news/2023/05/23/7403550/,429,,day_archive
pravda,https://www.pravda.com.ua/news/2023/05/23/7403553/,429,,day_archive
pravda,https://www.pravda.com.ua/news/2023/05/24/7403567/,429,,day_archive
pravda,https://www.pravda.com.ua/news/2023/05/24/7403574/,429,,day_archive
pravda,https://www.pravda.com.ua/news/2023/05/24/7403580/,429,,day_archive
pravda,https://www.pravda.com.ua/news/2023/05/24/7403616/,429,,day_archive
pravda,https://www.pravda.com.ua/news/2023/05/25/7403750/,429,,day_archive
pravda,https://www.pravda.com.ua/news/2023/05/25/7403785/,429,,day_archive
pravda,https://www.pravda.com.ua/news/2023/05/25/7403792/,429,,day_archive
pravda,https://www.pravda.com.ua/news/2023/05/25/7403854/,429,,day_archive
pravda,https://www.pravda.com.ua/news/2023/05/25/7403873/,429,,day_archive
pravda,https://www.pravda.com.ua/news/2023/05/27/7404109/,429,,day_archive
pravda,https://www.pravda.com.ua/news/2023/05/27/7404114/,429,,day_archive
pravda,https://www.pravda.com.ua/news/2023/05/27/7404125/,429,,day_archive
pravda,https://www.pravda.com.ua/news/2023/05/27/7404149/,429,,day_archive
pravda,https://www.pravda.com.ua/news/2023/05/27/7404153/,429,,day_archive
pravda,https://www.pravda.com.ua/news/2023/05/27/7404155/,429,,day_archive
pravda,https://www.pravda.com.ua/news/2023/05/27/7404158/,429,,day_archive
pravda,https://www.pravda.com.ua/news/2023/05/27/7404163/,429,,day_archive
pravda,https://www.pravda.com.ua/news/2023/05/27/7404174/,429,,day_archive
pravda,https://www.pravda.com.ua/news/2023/05/27/7404177/,429,,day_archive
pravda,https://www.pravda.com.ua/news/2023/05/27/7404181/,429,,day_archive
pravda,https://www.pravda.com.ua/news/2023/05/27/7404183/,429,,day_archive
pravda,https://www.pravda.com.ua/news/2023/05/28/7404186/,429,,day_archive
pravda,https://www.pravda.com.ua/news/2023/05/28/7404189/,429,,day_archive
pravda,https://www.pravda.com.ua/news/2023/05/28/7404199/,429,,day_archive
pravda,https://www.pravda.com.ua/news/2023/05/28/7404207/,429,,day_archive
pravda,https://www.pravda.com.ua/news/2023/05/28/7404221/,429,,day_archive
pravda,https://www.pravda.com.ua/news/2023/05/28/7404229/,429,,day_archive
pravda,https://www.pravda.com.ua/news/2023/05/28/7404236/,429,,day_archive
pravda,https://www.pravda.com.ua/news/2023/05/28/7404254/,429,,day_archive
pravda,https://www.pravda.com.ua/news/2023/05/28/7404258/,429,,day_archive
pravda,https://www.pravda.com.ua/news/2023/05/28/7404259/,429,,day_archive
pravda,https://www.pravda.com.ua/news/2023/05/29/7404282/,429,,day_archive
pravda,https://www.pravda.com.ua/news/2023/05/29/7404299/,429,,day_archive
pravda,https://www.pravda.com.ua/news/2023/05/29/7404300/,429,,day_archive
pravda,https://www.pravda.com.ua/news/2023/05/29/7404307/,429,,day_archive
pravda,https://www.pravda.com.ua/news/2023/05/29/7404319/,429,,day_archive
pravda,https://www.pravda.com.ua/news/2023/05/29/7404321/,429,,day_archive
pravda,https://www.pravda.com.ua/news/2023/05/29/7404327/,429,,day_archive
pravda,https://www.pravda.com.ua/news/2023/05/29/7404328/,429,,day_archive
pravda,https://www.pravda.com.ua/news/2023/05/30/7404486/,429,,day_archive
pravda,https://www.pravda.com.ua/news/2023/05/30/7404493/,429,,day_archive
pravda,https://www.pravda.com.ua/news/2023/05/30/7404500/,429,,day_archive
pravda,https://www.pravda.com.ua/news/2023/05/30/7404501/,429,,day_archive
pravda,https://www.pravda.com.ua/news/2023/05/30/7404545/,429,,day_archive
pravda,https://www.pravda.com.ua/news/2023/05/30/7404546/,429,,day_archive
pravda,https://www.pravda.com.ua/news/2023/05/30/7404557/,429,,day_archive
pravda,https://www.pravda.com.ua/news/2023/05/30/7404558/,429,,day_archive
pravda,https://www.pravda.com.ua/news/2023/05/30/7404571/,429,,day_archive
pravda,https://www.pravda.com.ua/news/2023/05/30/7404574/,429,,day_archive
pravda,https://www.pravda.com.ua/news/2023/05/31/7404581/,429,,day_archive
pravda,https://www.pravda.com.ua/news/2023/05/31/7404588/,429,,day_archive
pravda,https://www.pravda.com.ua/news/2023/05/31/7404590/,429,,day_archive
pravda,https://www.pravda.com.ua/news/2023/05/31/7404613/,429,,day_archive
pravda,https://www.pravda.com.ua/news/2023/05/31/7404615/,429,,day_archive
pravda,https://www.pravda.com.ua/news/2023/05/31/7404643/,429,,day_archive
pravda,https://www.pravda.com.ua/news/2023/05/31/7404649/,429,,day_archive
pravda,https://www.pravda.com.ua/news/2023/05/31/7404653/,429,,day_archive
pravda,https://www.pravda.com.ua/news/2023/05/31/7404655/,429,,day_archive
pravda,https://www.pravda.com.ua/news/2023/05/31/7404673/,429,,day_archive
pravda,https://www.pravda.com.ua/news/2023/05/31/7404684/,429,,day_archive
pravda,https://www.pravda.com.ua/news/2023/05/31/7404685/,429,,day_archive
pravda,https://www.pravda.com.ua/news/2023/05/31/7404686/,429,,day_archive
pravda,https://www.pravda.com.ua/news/2023/05/31/7404687/,429,,day_archive
pravda,https://www.pravda.com.ua/news/2023/05/31/7404714/,429,,day_archive
pravda,https://www.pravda.com.ua/news/2023/06/01/7404853/,429,,day_archive
pravda,https://www.pravda.com.ua/news/2023/06/01/7404878/,429,,day_archive
pravda,https://www.pravda.com.ua/news/2023/06/01/7404881/,429,,day_archive
pravda,https://www.pravda.com.ua/news/2023/06/01/7404905/,429,,day_archive
pravda,https://www.pravda.com.ua/news/2023/06/01/7404907/,429,,day_archive
pravda,https://www.pravda.com.ua/news/2023/06/01/7404909/,429,,day_archive
pravda,https://www.pravda.com.ua/news/2023/06/01/7404916/,429,,day_archive
pravda,https://www.pravda.com.ua/news/2023/06/01/7404918/,429,,day_archive
pravda,https://www.pravda.com.ua/news/2023/06/02/7404924/,429,,day_archive
pravda,https://www.pravda.com.ua/news/2023/06/02/7404926/,429,,day_archive
pravda,https://www.pravda.com.ua/news/2023/06/02/7404928/,429,,day_archive
pravda,https://www.pravda.com.ua/news/2023/06/02/7404929/,429,,day_archive
pravda,https://www.pravda.com.ua/news/2023/06/02/7404931/,429,,day_archive
pravda,https://www.pravda.com.ua/news/2023/06/02/7404933/,429,,day_archive
pravda,https://www.pravda.com.ua/news/2023/06/02/7404935/,429,,day_archive
pravda,https://www.pravda.com.ua/news/2023/06/02/7404941/,429,,day_archive
pravda,https://www.pravda.com.ua/news/2023/06/02/7404951/,429,,day_archive
pravda,https://www.pravda.com.ua/news/2023/06/02/7404956/,429,,day_archive
pravda,https://www.pravda.com.ua/news/2023/06/02/7404981/,429,,day_archive
pravda,https://www.pravda.com.ua/news/2023/06/02/7405016/,429,,day_archive
pravda,https://www.pravda.com.ua/news/2023/06/02/7405032/,429,,day_archive
pravda,https://www.pravda.com.ua/news/2023/06/02/7405035/,429,,day_archive
pravda,https://www.pravda.com.ua/news/2023/06/02/7405043/,429,,day_archive
pravda,https://www.pravda.com.ua/news/2023/06/02/7405070/,429,,day_archive
pravda,https://www.pravda.com.ua/news/2023/06/02/7405077/,429,,day_archive
pravda,https://www.pravda.com.ua/news/2023/06/03/7405110/,429,,day_archive
pravda,https://www.pravda.com.ua/news/2023/06/03/7405111/,429,,day_archive
pravda,https://www.pravda.com.ua/news/2023/06/03/7405113/,429,,day_archive
pravda,https://www.pravda.com.ua/news/2023/06/03/7405117/,429,,day_archive
pravda,https://www.pravda.com.ua/news/2023/06/03/7405123/,429,,day_archive
pravda,https://www.pravda.com.ua/news/2023/06/04/7405233/,429,,day_archive
pravda,https://www.pravda.com.ua/news/2023/06/05/7405361/,429,,day_archive
pravda,https://www.pravda.com.ua/news/2023/06/06/7405641/,429,,day_archive
pravda,https://www.pravda.com.ua/news/2023/06/06/7405644/,429,,day_archive
pravda,https://www.pravda.com.ua/news/2023/06/06/7405657/,429,,day_archive
pravda,https://www.pravda.com.ua/news/2023/06/06/7405664/,429,,day_archive
pravda,https://www.pravda.com.ua/news/2023/06/07/7405675/,429,,day_archive
pravda,https://www.pravda.com.ua/news/2023/06/07/7405676/,429,,day_archive
pravda,https://www.pravda.com.ua/news/2023/06/07/7405677/,429,,day_archive
pravda,https://www.pravda.com.ua/news/2023/06/07/7405679/,429,,day_archive
pravda,https://www.pravda.com.ua/news/2023/06/07/7405682/,429,,day_archive
pravda,https://www.pravda.com.ua/news/2023/06/07/7405684/,429,,day_archive
pravda,https://www.pravda.com.ua/news/2023/06/07/7405690/,429,,day_archive
pravda,https://www.pravda.com.ua/news/2023/06/07/7405698/,429,,day_archive
pravda,https://www.pravda.com.ua/news/2023/06/07/7405716/,429,,day_archive
pravda,https://www.pravda.com.ua/news/2023/06/07/7405719/,429,,day_archive
pravda,https://www.pravda.com.ua/news/2023/06/07/7405721/,429,,day_archive
pravda,https://www.pravda.com.ua/news/2023/06/07/7405741/,429,,day_archive
pravda,https://www.pravda.com.ua/news/2023/06/07/7405746/,429,,day_archive
pravda,https://www.pravda.com.ua/news/2023/06/07/7405794/,429,,day_archive
pravda,https://www.pravda.com.ua/news/2023/06/07/7405833/,429,,day_archive
pravda,https://www.pravda.com.ua/news/2023/06/08/7405839/,429,,day_archive
pravda,https://www.pravda.com.ua/news/2023/06/08/7405871/,429,,day_archive
pravda,https://www.pravda.com.ua/news/2023/06/08/7405882/,429,,day_archive
pravda,https://www.pravda.com.ua/news/2023/06/08/7405884/,429,,day_archive
pravda,https://www.pravda.com.ua/news/2023/06/08/7405890/,429,,day_archive
pravda,https://www.pravda.com.ua/news/2023/06/08/7405902/,429,,day_archive
pravda,https://www.pravda.com.ua/news/2023/06/08/7405906/,429,,day_archive
pravda,https://www.pravda.com.ua/news/2023/06/08/7405911/,429,,day_archive
pravda,https://www.pravda.com.ua/news/2023/06/08/7405920/,429,,day_archive
pravda,https://www.pravda.com.ua/news/2023/06/08/7405923/,429,,day_archive
pravda,https://www.pravda.com.ua/news/2023/06/08/7405934/,429,,day_archive
pravda,https://www.pravda.com.ua/news/2023/06/09/7406043/,429,,day_archive
pravda,https://www.pravda.com.ua/news/2023/06/09/7406050/,429,,day_archive
pravda,https://www.pravda.com.ua/news/2023/06/09/7406053/,429,,day_archive
pravda,https://www.pravda.com.ua/news/2023/06/09/7406054/,429,,day_archive
pravda,https://www.pravda.com.ua/news/2023/06/09/7406055/,429,,day_archive
pravda,https://www.pravda.com.ua/news/2023/06/09/7406058/,429,,day_archive
pravda,https://www.pravda.com.ua/news/2023/06/09/7406064/,429,,day_archive
pravda,https://www.pravda.com.ua/news/2023/06/09/7406072/,429,,day_archive
pravda,https://www.pravda.com.ua/news/2023/06/09/7406077/,429,,day_archive
pravda,https://www.pravda.com.ua/news/2023/06/09/7406079/,429,,day_archive
pravda,https://www.pravda.com.ua/news/2023/06/09/7406096/,429,,day_archive
pravda,https://www.pravda.com.ua/news/2023/06/09/7406110/,429,,day_archive
pravda,https://www.pravda.com.ua/news/2023/06/09/7406116/,429,,day_archive
pravda,https://www.pravda.com.ua/news/2023/06/09/7406119/,429,,day_archive
pravda,https://www.pravda.com.ua/news/2023/06/09/7406127/,429,,day_archive
pravda,https://www.pravda.com.ua/news/2023/06/09/7406131/,429,,day_archive
pravda,https://www.pravda.com.ua/news/2023/06/09/7406164/,429,,day_archive
pravda,https://www.pravda.com.ua/news/2023/06/09/7406177/,429,,day_archive
pravda,https://www.pravda.com.ua/news/2023/06/09/7406186/,429,,day_archive
pravda,https://www.pravda.com.ua/news/2023/06/09/7406213/,429,,day_archive
pravda,https://www.pravda.com.ua/news/2023/06/10/7406220/,429,,day_archive
pravda,https://www.pravda.com.ua/news/2023/06/10/7406224/,429,,day_archive
pravda,https://www.pravda.com.ua/news/2023/06/10/7406225/,429,,day_archive
pravda,https://www.pravda.com.ua/news/2023/06/10/7406226/,429,,day_archive
pravda,https://www.pravda.com.ua/news/2023/06/10/7406228/,429,,day_archive
pravda,https://www.pravda.com.ua/news/2023/06/10/7406255/,429,,day_archive
pravda,https://www.pravda.com.ua/news/2023/06/10/7406268/,429,,day_archive
pravda,https://www.pravda.com.ua/news/2023/06/10/7406281/,429,,day_archive
pravda,https://www.pravda.com.ua/news/2023/06/10/7406293/,429,,day_archive
pravda,https://www.pravda.com.ua/news/2023/06/10/7406296/,429,,day_archive
pravda,https://www.pravda.com.ua/news/2023/06/10/7406300/,429,,day_archive
pravda,https://www.pravda.com.ua/news/2023/06/10/7406304/,429,,day_archive
pravda,https://www.pravda.com.ua/news/2023/06/11/7406312/,429,,day_archive
pravda,https://www.pravda.com.ua/news/2023/06/11/7406321/,429,,day_archive
pravda,https://www.pravda.com.ua/news/2023/06/11/7406323/,429,,day_archive
pravda,https://www.pravda.com.ua/news/2023/06/11/7406327/,429,,day_archive
pravda,https://www.pravda.com.ua/news/2023/06/12/7406422/,429,,day_archive
pravda,https://www.pravda.com.ua/news/2023/06/12/7406434/,429,,day_archive
pravda,https://www.pravda.com.ua/news/2023/06/12/7406439/,429,,day_archive
pravda,https://www.pravda.com.ua/news/2023/06/12/7406445/,429,,day_archive
pravda,https://www.pravda.com.ua/news/2023/06/12/7406451/,429,,day_archive
pravda,https://www.pravda.com.ua/news/2023/06/12/7406455/,429,,day_archive
pravda,https://www.pravda.com.ua/news/2023/06/12/7406466/,429,,day_archive
pravda,https://www.pravda.com.ua/news/2023/06/12/7406539/,429,,day_archive
pravda,https://www.pravda.com.ua/news/2023/06/12/7406546/,429,,day_archive
pravda,https://www.pravda.com.ua/news/2023/06/12/7406554/,429,,day_archive
pravda,https://www.pravda.com.ua/news/2023/06/12/7406558/,429,,day_archive
pravda,https://www.pravda.com.ua/news/2023/06/12/7406564/,429,,day_archive
pravda,https://www.pravda.com.ua/news/2023/06/12/7406566/,429,,day_archive
pravda,https://www.pravda.com.ua/news/2023/06/13/7406577/,429,,day_archive
pravda,https://www.pravda.com.ua/news/2023/06/13/7406583/,429,,day_archive
pravda,https://www.pravda.com.ua/news/2023/06/13/7406587/,429,,day_archive
pravda,https://www.pravda.com.ua/news/2023/06/13/7406589/,429,,day_archive
pravda,https://www.pravda.com.ua/news/2023/06/13/7406611/,429,,day_archive
pravda,https://www.pravda.com.ua/news/2023/06/13/7406648/,429,,day_archive
pravda,https://www.pravda.com.ua/news/2023/06/13/7406653/,429,,day_archive
pravda,https://www.pravda.com.ua/news/2023/06/13/7406685/,429,,day_archive
pravda,https://www.pravda.com.ua/news/2023/06/13/7406700/,429,,day_archive
pravda,https://www.pravda.com.ua/news/2023/06/13/7406710/,429,,day_archive
pravda,https://www.pravda.com.ua/news/2023/06/13/7406715/,429,,day_archive
suspilne,https://suspilne.media/100-kilkist-inkluzivnih-klasiv-u-vinnici-zrosla-majze-vdvici/,200,missing body or title,wayback_cdx
suspilne,https://suspilne.media/100352-na-doneccini-posadovciv-derzekoinspekcii-zatrimali-na-habari/,200,missing body or title,wayback_cdx
suspilne,https://suspilne.media/100736-volinanina-akij-perebuvav-pid-domasnim-arestom-vpijmali-na-kradizci/,200,missing body or title,wayback_cdx
suspilne,https://suspilne.media/101117-sportsmeni-vesluvalniki-zitomirsini-lidiruut-v-persomu-vidbori-do-zbirnoi-ukraini/,200,missing body or title,wayback_cdx
suspilne,https://suspilne.media/101794-senat-ssa-vperse-utverdiv-gea-na-posadi-ministra-transportu/,200,missing body or title,wayback_cdx
suspilne,https://suspilne.media/102446-policia-ogolosila-pidozru-zavgospu-zaporizkoi-infekcijnoi-likarni/,200,missing body or title,wayback_cdx
suspilne,https://suspilne.media/1025493-mozlivo-sogodni-obminaut-usih-ak-minuv-persij-etap-zvilnenna-polonenih-1000-na-1000/,403,,wayback_cdx
suspilne,https://suspilne.media/102938-potuzni-snigopadi-spricinili-transportnij-kolaps-u-nimeccini-ta-niderlandah/,200,missing body or title,wayback_cdx
suspilne,https://suspilne.media/1030111-rosia-zaavila-pro-sklad-delegacii-na-drugi-mozlivi-peremovini-u-stambuli/,403,,wayback_cdx
suspilne,https://suspilne.media/103142-britanca-zobovazali-znesti-svij-palac-u-francii-akij-vin-buduvav-ponad-desatilitta/,200,missing body or title,wayback_cdx
suspilne,https://suspilne.media/103244-vartist-bitkoina-onovila-rekord-pisla-kupivli-tesla-velikoi-sumi-kriptovaluti/,200,missing body or title,wayback_cdx
suspilne,https://suspilne.media/1037673-povnih-spiskiv-vid-rosii-dosi-nema-zelenskij-pro-obmin-tilami-zagiblih/,403,,wayback_cdx
suspilne,https://suspilne.media/1038151-minoboroni-planue-dozvoliti-pidpisanna-kontraktiv-iz-zsu-cerez-zastosunok-rezerv/,403,,wayback_cdx
suspilne,https://suspilne.media/104198-cotiri-sportsmenki-z-ternopilsini-gratimut-za-molodiznu-zbirnu-ukraini-z-volejbolu/,200,missing body or title,wayback_cdx
suspilne,https://suspilne.media/1043101-agenti-gur-znestrumili-obekti-rosijskogo-vpk-ta-zs-rf-u-kenigsberzi-dzerela/,403,,wayback_cdx
suspilne,https://suspilne.media/1043789-rosia-rozbudovue-adernu-bazu-u-kaliningradi-svt/,403,,wayback_cdx
suspilne,https://suspilne.media/104701-ak-zahistiti-instagram-akaunt-vid-zlomu-ta-ak-diati-akso-vtratili-dostup/,200,missing body or title,wayback_cdx
suspilne,https://suspilne.media/1048885-ce-buv-iskander-u-suhoputnih-vijskah-prokomentuvali-udar-po-poligonu-zsu-na-hersonsini/,403,,wayback_cdx
suspilne,https://suspilne.media/105011-dbr-rozslidue-spravu-sodo-zagibeli-troh-vijskovih-na-donbasi/,200,missing body or title,wayback_cdx
suspilne,https://suspilne.media/1050443-tramp-zaaviv-so-jmovirno-zustrinetsa-z-zelenskim/,403,,wayback_cdx
suspilne,https://suspilne.media/105075-ukraina-vperse-vistupila-na-cempionati-svitu-z-zinocogo-monobobu/,200,missing body or title,wayback_cdx
suspilne,https://suspilne.media/1052397-v-ukraini-zapuskaut-proekt-oficer-ratuvalnik-gromadi-pro-so-jdetsa/,403,,wayback_cdx
suspilne,https://suspilne.media/1054235-zelenskij-doruciv-zasuvati-vsi-obstavini-zagibeli-pilota-f-16-ustimenka/,403,,wayback_cdx
suspilne,https://suspilne.media/1054573-vijskove-namagaus-hlopcam-ne-spivati-bard-z-volini-pro-sluzbu-na-doneccini-ta-tvorcist-na-vijni-suspilne-ludi/,403,,wayback_cdx
suspilne,https://suspilne.media/105526-stalo-vidomo-comu-ivanofrankivci-ne-otrimuut-likarnanih-viplat/,200,missing body or title,wayback_cdx
suspilne,https://suspilne.media/1056767-vaks-ne-vidstoroniv-cernisova-vid-posadi-vicepremera-ta-ministra-nacednosti/,403,,wayback_cdx
suspilne,https://suspilne.media/105802-u-zitomiri-zdali-v-orendu-za-1-grivnu-primisenna-v-akomu-ponad-30-rokiv-buv-oblasnij-centr-turizmu/,200,missing body or title,wayback_cdx
suspilne,https://suspilne.media/105831-v-odesi-zavitsa-perse-legalne-kazino-odin-z-goteliv-otrimav-dozvil/,403,,wayback_cdx
suspilne,https://suspilne.media/1058881-u-evrokomisii-zaavili-so-iniciuvati-golosuvanna-za-votum-nedoviri-fon-der-laen-ce-pravo-koznogo-evrodeputata/,403,,wayback_cdx
suspilne,https://suspilne.media/1059889-ukrzaliznica-zaprovadzue-zinoci-kupe-se-na-troh-napramkah-de-kursuvatimut/,404,,wayback_cdx
suspilne,https://suspilne.media/1060185-vnoci-sili-ppo-znisili-75-rosijskih-droniv-povitrani-sili/,403,,wayback_cdx
suspilne,https://suspilne.media/1060511-rosia-atakue-budivli-tck-u-regionah-posiluut-bezpekovi-zahodi-3/,403,,wayback_cdx
suspilne,https://suspilne.media/1060769-vijskovij-pavlo-visockij-povernuvsa-pisla-troh-rokiv-rosijskogo-polonu-suspilne-ludi/,403,,wayback_cdx
suspilne,https://suspilne.media/1061489-akbi-ne-bajden-vi-navrad-ci-mali-b-stilki-pidtrimki-intervu-z-eksradnikom-ssa-z-nacbezpeki-dzejkom-sallivanom/,403,,wayback_cdx
suspilne,https://suspilne.media/1061855-ukraina-zaklikala-ozhz-rozsliduvati-mozlive-zastosuvanna-rosieu-zaboronenoi-himicnoi-zbroi/,403,,wayback_cdx
suspilne,https://suspilne.media/106234-u-protopopivci-zalisilis-zimuvati-lebedi/,200,missing body or title,wayback_cdx
suspilne,https://suspilne.media/1063763-zelenskij-e-vsi-neobhidni-politicni-signali-pro-vidnovlenna-postacanna-dopomogi-vid-ssa/,403,,wayback_cdx
suspilne,https://suspilne.media/1064253-povitrani-sili-ppo-zbila-44-droni-e-vlucanna-19-bpla-u-8-lokaciah/,403,,wayback_cdx
suspilne,https://suspilne.media/1064441-zaavi-kerivnictva-ugorsini-manipulativni-v-mzs-vidreaguvali-na-viklik-posla-ukraini-cerez-nibito-smert-ugorca-u-tck/,403,,wayback_cdx
suspilne,https://suspilne.media/1065029-povitrani-sili-pokazali-robotu-kompleksu-skynex-po-rosijskih-dronah/,403,,wayback_cdx
suspilne,https://suspilne.media/106519-cilkom-pravomirne-povstanna-ekspert-poasniv-ak-rada-ocinila-podii-na-majdani/,200,missing body or title,wayback_cdx
suspilne,https://suspilne.media/1065703-dumali-so-obstriluut-i-nas-vbe-harkiv-pisla-negodi-12-lipna-suspilne-videonovini/,403,,wayback_cdx
suspilne,https://suspilne.media/106597-cetvero-ziteliv-rivnensini-otrimaut-grosi-na-granti-hto-voni-ta-so-robitimut/,200,missing body or title,wayback_cdx
suspilne,https://suspilne.media/1066557-putin-ne-obdurit-mene-tramp/,403,,wayback_cdx
suspilne,https://suspilne.media/106680-na-harkivsini-u-edinomu-ditsadku-v-selisi-problemi-z-opalennam/,200,missing body or title,wayback_cdx
suspilne,https://suspilne.media/106736-v-ukraini-vsanovuut-pamat-geroiv-nebesnoi-sotni/,200,missing body or title,wayback_cdx
suspilne,https://suspilne.media/106768-covid-19-na-harkivsini-280-novih-vipadkiv-za-dobu/,200,missing body or title,wayback_cdx
suspilne,https://suspilne.media/106779-smertelna-dtp-na-rivnensini-vantazivka-zbila-pisohoda/,200,missing body or title,wayback_cdx
suspilne,https://suspilne.media/106788-na-poltavsini-prezentuvali-znahidku-skifskogo-casu/,200,missing body or title,wayback_cdx
suspilne,https://suspilne.media/106800-geroiv-sirokinskoi-operacii-vsanuvali-u-voznesenivskomu-parku-zaporizza/,200,missing body or title,wayback_cdx
suspilne,https://suspilne.media/106808-u-harkovi-kursanti-vijsli-na-plosu-z-portretami-geroi-nebesnoi-sotni/,403,,wayback_cdx
suspilne,https://suspilne.media/1068307-sap-vidkrila-kriminalne-provadzenna-proti-vo-vicepremerki-stefanisinoi/,403,,wayback_cdx
suspilne,https://suspilne.media/106840-pozeza-v-pologovomu-budinku-odesi-pid-cas-zajmanna-mediki-robili-kesariv-roztin/,200,missing body or title,wayback_cdx
suspilne,https://suspilne.media/106853-u-harkovi-tramvaj-zijsov-z-rejok-travmuvalasa-pasazirka/,200,missing body or title,wayback_cdx
suspilne,https://suspilne.media/106864-na-ternopilsini-pocastisali-otruenna-cadnim-gazom/,200,missing body or title,wayback_cdx
suspilne,https://suspilne.media/1068749-zelenskij-prokomentuvav-stroki-sluzbi-povernutsa-dodomu-koli-mi-peremozemo-voroga/,403,,wayback_cdx
suspilne,https://suspilne.media/106890-na-hersonsini-za-dvi-dobi-riboohoronnij-patrul-viaviv-15-pravoporusen/,200,missing body or title,wayback_cdx
suspilne,https://suspilne.media/106917-49-vipadkiv-zahvoruvanna-na-koronavirus-viavili-za-dobu-na-poltavsini/,200,missing body or title,wayback_cdx
suspilne,https://suspilne.media/106936-statistika-covid-19-na-volini-96-vipadkiv-za-ostannu-dobu-odin-letalnij/,200,missing body or title,wayback_cdx
suspilne,https://suspilne.media/106952-covid-19-na-zaporizzi-34-vipadki-za-dobu-bez-letalnih/,200,missing body or title,wayback_cdx
suspilne,https://suspilne.media/106980-mandruucij-portret-luckij-fotograf-vlastuvav-fotoproekt-do-150-ricca-lesi-ukrainki/,200,missing body or title,wayback_cdx
suspilne,https://suspilne.media/106992-tumani-ta-ozeledica-sinoptiki-poperedzaut-pro-negodu-na-zakarpatti/,200,missing body or title,wayback_cdx
suspilne,https://suspilne.media/1070271-viavivsa-odnim-iz-najbils-diskusijnih-napramkiv-sviridenko-pro-priznacenna-ministra-kulturi/,403,,wayback_cdx
suspilne,https://suspilne.media/1071419-sbu-ta-ogp-provodat-specoperaciu-iz-nejtralizacii-vplivu-rosii-na-nabu-dzerela/,403,,wayback_cdx
suspilne,https://suspilne.media/1071707-ak-novij-supermen-povernuv-do-zitta-dc-aluzii-na-vijnu-v-ukraini-i-kriza-identicnosti-suspilne-videonovini/,403,,wayback_cdx
suspilne,https://suspilne.media/1072231-v-ukrainu-povernuli-pidlitka-akogo-vivezli-v-rf/,403,,wayback_cdx
suspilne,https://suspilne.media/1074675-aponia-se-ne-virisila-ci-dolucitsa-do-evropejskih-obmezen-cin-na-rosijsku-naftu/,403,,wayback_cdx
suspilne,https://suspilne.media/107593-ce-laboratoria-casu-u-mariupoli-dla-ditej-vidkrili-goncarnu-majsternu/,200,missing body or title,wayback_cdx
suspilne,https://suspilne.media/1076017-nicni-udari-po-harkovu-sumsini-ta-zaporizzu-ta-perspektivi-zustrici-zelenskogo-i-putina-golovni-novini-ranku-26-lipna/,403,,wayback_cdx
suspilne,https://suspilne.media/107682-novij-format-novi-kostumi-u-cerkaskij-filarmonii-gotuut-muzikl-do-dna-narodzenna-lesi-ukrainki/,200,missing body or title,wayback_cdx
suspilne,https://suspilne.media/107701-ukrzaliznica-zapustit-poizdi-miz-kievom-ta-mistami-suputnikami/,200,missing body or title,wayback_cdx
suspilne,https://suspilne.media/1078523-armia-rf-atakuvala-vipravnu-koloniu-na-zaporizzi-e-zagibli-ta-poraneni-suspilne-videonovini/,403,,wayback_cdx
suspilne,https://suspilne.media/1079783-droni-sbu-vrazili-zavod-radioelektroniki-u-penzi/,403,,wayback_cdx
suspilne,https://suspilne.media/1080531-pentagon-zamoviv-u-koncernu-raytheon-raketi-klasu-povitra-povitra-amraam-dla-ukraini-ta-insih-derzav/,403,,wayback_cdx
suspilne,https://suspilne.media/108162-gromadam-bukovini-vidilat-100-mln-grn-na-budivnictvo-skil-ta-socustanov-suspilnevideonovini/,200,missing body or title,wayback_cdx
suspilne,https://suspilne.media/108170-bukovina-otrimala-15-tisac-doz-vakcini-vid-koronavirusu/,200,missing body or title,wayback_cdx
suspilne,https://suspilne.media/108179-na-cerkasini-viavili-160-novih-vipadkiv-infikuvanna-koronavirusom/,200,missing body or title,wayback_cdx
suspilne,https://suspilne.media/108195-na-vinniccini-za-dobu-koronavirus-viavleno-u-639-osib/,200,missing body or title,wayback_cdx
suspilne,https://suspilne.media/108218-na-vinniccini-17-ricna-divcina-potrapila-pid-poizd/,200,missing body or title,wayback_cdx
suspilne,https://suspilne.media/108233-v-odesi-13-ricna-divcinka-zaginula-pid-kolesami-potaga-policia-rozslidue-samogubstvo/,200,missing body or title,wayback_cdx
suspilne,https://suspilne.media/108256-majze-500-par-skarpetok-vivca-z-avstralii-obrosla-rekordnou-kilkistu-vovni/,200,missing body or title,wayback_cdx
suspilne,https://suspilne.media/108267-na-harkivsini-zitknulisa-avtobus-ta-legkovik-zaginuli-dvoe-ludej/,200,missing body or title,wayback_cdx
suspilne,https://suspilne.media/1082809-nardepa-kuznecova-vidpravili-pid-vartu-jogo-pidozruut-u-korupcii-pid-cas-zakupivel-reb/,403,,wayback_cdx
suspilne,https://suspilne.media/108333-u-poltavi-na-futbolnij-matc-vorskli-puskatimut-gladaciv/,200,missing body or title,wayback_cdx
suspilne,https://suspilne.media/1083485-koli-viizdzali-za-nami-gnavsa-dron-istoria-pereselenciv-z-kostantinivki-u-dnipri-suspilne-videonovini/,403,,wayback_cdx
suspilne,https://suspilne.media/108359-persou-na-harkivsini-vakcinuvalas-likarka-infekcijnoi-likarni/,200,missing body or title,wayback_cdx
suspilne,https://suspilne.media/108378-tehnicna-pomilka-zmi-otrimali-lista-vid-imeni-opu-z-kritikou-mitingiv-za-sternenka/,200,missing body or title,wayback_cdx
suspilne,https://suspilne.media/108385-otrimae-geograficne-zaznacenna-karpatskij-med/,200,missing body or title,wayback_cdx
suspilne,https://suspilne.media/108399-ak-kolisni-bezrobitni-na-hersonsini-zapocatkovuut-vlasnu-spravu/,200,missing body or title,wayback_cdx
suspilne,https://suspilne.media/108413-u-hersonskomu-ucilisi-vidkrili-gastronomicnu-laboratoriu/,200,missing body or title,wayback_cdx
suspilne,https://suspilne.media/108426-so-vidomo-pro-persij-etap-vakcinacii-vid-covid-19-na-volini-ta-koli-bude-nastupnij/,200,missing body or title,wayback_cdx
suspilne,https://suspilne.media/108449-26-lutogo-mbk-mikolaiv-prijmatime-bk-ternopil/,200,missing body or title,wayback_cdx
suspilne,https://suspilne.media/108458-10-likaren-na-poltavsini-mozut-zalisitisa-bez-finansuvanna-vid-nacsluzbi-zdorova/,200,missing body or title,wayback_cdx
suspilne,https://suspilne.media/108469-u-lisicansku-vid-koronavirusu-vakcinuvali-100-likariv/,200,missing body or title,wayback_cdx
suspilne,https://suspilne.media/108492-vlada-kitau-zaavila-pro-povne-podolanna-bidnosti-v-kraini/,200,missing body or title,wayback_cdx
suspilne,https://suspilne.media/108552-za-dobu-covid-19-pidtverdili-u-477-meskanciv-lvivsini/,200,missing body or title,wayback_cdx
suspilne,https://suspilne.media/108560-pakistan-zaboroniv-fizicni-pokaranna-ditej/,200,missing body or title,wayback_cdx
suspilne,https://suspilne.media/108580-ukraina-zaklikala-kraini-partneri-priednatisa-do-krimskoi-platformi-ta-posiliti-tisk-na-rf/,200,missing body or title,wayback_cdx
suspilne,https://suspilne.media/108590-u-sumskij-skoli-vstanovili-memorialnu-dosku-zagiblomu-vijskovomu-arturu-abramitovu/,200,missing body or title,wayback_cdx
suspilne,https://suspilne.media/108622-projsli-bez-uskladnen-mediki-pro-persi-seplenna-vid-koronavirusu-na-sumsini/,200,missing body or title,wayback_cdx
suspilne,https://suspilne.media/108654-cerkasam-povernuli-nezakonno-privlasnenu-zemlu-bila-dnipra/,200,missing body or title,wayback_cdx
suspilne,https://suspilne.media/108667-anglijskij-tank-v-centri-harkova-istoricnij-muzej-zapustiv-videoproekt-pro-eksponati/,200,missing body or title,wayback_cdx
suspilne,https://suspilne.media/108688-u-teatrah-i-muzeah-najnizcij-rizik-zarazitisa-na-covid-19-doslidzenna/,200,missing body or title,wayback_cdx
suspilne,https://suspilne.media/108698-kalinivskij-rinok-v-cernivcah-pracuvatime-popri-karantin/,200,missing body or title,wayback_cdx
suspilne,https://suspilne.media/108714-cerez-vitok-gazu-u-vinnici-perekrili-postacanna-blakitnogo-paliva-u-dvoh-budinkah/,200,missing body or title,wayback_cdx
suspilne,https://suspilne.media/108727-u-nigerii-bojoviki-vikrali-ponad-300-skolarok/,200,missing body or title,wayback_cdx
suspilne,https://suspilne.media/108738-na-volini-zatrimali-bus-iz-25-tisacami-pacok-cigarok/,200,missing body or title,wayback_cdx
suspilne,https://suspilne.media/108772-zakarpatca-suditimut-za-rozbijnij-napad-ta-pograbuvanna-na-ponad-piv-miljona-griven/,200,missing body or title,wayback_cdx
suspilne,https://suspilne.media/108787-hmarno-z-proasnennami-ta-slabki-opadi-prognozuut-na-vihidni-zakarpatski-sinoptiki/,200,missing body or title,wayback_cdx
suspilne,https://suspilne.media/108799-u-lucku-prezentuvali-fotovistavku-pro-politvazniv-okupovanogo-krimu/,200,missing body or title,wayback_cdx
suspilne,https://suspilne.media/108828-gandbolisti-zaporizkogo-motora-zustrilisa-u-matci-z-danskim-klubom-olborg/,200,missing body or title,wayback_cdx
suspilne,https://suspilne.media/1088428-rf-vnoci-vdarila-po-navcalnomu-pidrozdilu-suhoputnih-vijsk-zsu-e-zagiblij-i-poraneni/,403,,wayback_cdx
suspilne,https://suspilne.media/108855-spivbesida-i-perevirka-na-poligrafi-na-poltavsini-obiraut-majbutnih-oficeriv-gromad/,200,missing body or title,wayback_cdx
suspilne,https://suspilne.media/108867-okupanti-strilali-z-zaboronenogo-ozbroenna-10-ukrainskih-zahisnikiv-poraneni-stab-oos/,200,missing body or title,wayback_cdx
suspilne,https://suspilne.media/108878-na-vinniccini-693-vipadki-covid-19/,200,missing body or title,wayback_cdx
suspilne,https://suspilne.media/108908-spravi-pro-derzzradu-danilov-skazav-pro-so-govoritimut-na-nastupnomu-zasidanni-rnbo/,200,missing body or title,wayback_cdx
suspilne,https://suspilne.media/108915-zelenskij-priznaciv-ocilnika-odeskoi-rajadministracii/,200,missing body or title,wayback_cdx
suspilne,https://suspilne.media/108921-pravoohoronci-hmelniccini-zatrimali-pidozruvanogo-u-smertelnij-dtp/,200,missing body or title,wayback_cdx
suspilne,https://suspilne.media/108938-koronavirus-zareestruvali-se-u-505-ziteliv-zitomirsini/,200,missing body or title,wayback_cdx
suspilne,https://suspilne.media/108960-ledi-gagi-povernuli-dvoh-vikradenih-buldogiv/,200,missing body or title,wayback_cdx
suspilne,https://suspilne.media/108972-ternopolani-dolucilisa-do-akcii-na-pidtrimku-sternenka/,200,missing body or title,wayback_cdx
suspilne,https://suspilne.media/108982-cerkaski-mavpi-zdobuli-peremogu-nad-prometeem/,200,missing body or title,wayback_cdx
suspilne,https://suspilne.media/1089984-u-lvovi-veteran-iz-cotirma-amputaciami-pisla-reabilitacii-kermue-avtomobilem-istoria-mikoli-sota-suspilne-ludi/,403,,wayback_cdx
suspilne,https://suspilne.media/109011-ucni-zdaut-na-190-baliv-lucka-vcitelka-aka-bezplatno-gotue-skolariv-do-zno/,200,missing body or title,wayback_cdx
suspilne,https://suspilne.media/109022-na-zaporizzi-hocut-vlastuvati-dodatkovi-gidrogeologicni-roboti-na-teritorii-kaolinovogo-kareru/,200,missing body or title,wayback_cdx
suspilne,https://suspilne.media/1090358-urad-provede-audit-nadrokoristuvaciv-z-dozvolami-na-strategicno-vazlivih-rodovisah-sviridenko/,403,,wayback_cdx
suspilne,https://suspilne.media/109055-sumcani-podolali-stadiu-14-finalu-kubka-ukraini-z-futzalu/,200,missing body or title,wayback_cdx
suspilne,https://suspilne.media/109068-100-cerkovnih-dzvoniv-i-prolit-litaka-dakota-u-britanii-poprosalisa-z-legendarnim-tomom-murom/,200,missing body or title,wayback_cdx
suspilne,https://suspilne.media/109130-vzimku-pidkoriv-goverlu-na-velosipedi-frankivec-roman-sutka/,200,missing body or title,wayback_cdx
suspilne,https://suspilne.media/1091836-vsi-mene-hotili-perevihovati-istoria-transgendernoi-zinki-sofii-z-cerkas-suspilne-ludi/,403,,wayback_cdx
suspilne,https://suspilne.media/1092476-povitrani-sili-ppo-zbila-40-z-60-droniv-e-vlucanna-na-12-lokaciah/,403,,wayback_cdx
suspilne,https://suspilne.media/1092844-niakogo-vstupu-ukraini-do-nato-tramp/,403,,wayback_cdx
suspilne,https://suspilne.media/10932-na-igri-neskorenih-u-gaagu-poide-20-ukrainskih-veteraniv/,200,missing body or title,wayback_cdx
suspilne,https://suspilne.media/1095306-polsa-ne-vidpravlatime-vijskovih-do-ukraini-ministr-oboroni/,403,,wayback_cdx
suspilne,https://suspilne.media/1095768-minenergo-droni-rf-atakuvali-obekti-gazotransportnoi-infrastrukturi/,403,,wayback_cdx
suspilne,https://suspilne.media/1096148-pat-vibuhiv-za-kilka-hvilin-ocevidci-pro-udar-po-dniprovskomu-rajonu-hersona-suspilne-videonovini/,403,,wayback_cdx
suspilne,https://suspilne.media/1098328-povitrani-sili-ppo-zbila-76-zi-104-droniv-e-vlucanna-na-15-lokaciah/,403,,wayback_cdx
suspilne,https://suspilne.media/1101818-kreml-visuvae-ukraini-novi-umovi-dla-peremovin-lideriv-ermak-i-umerov-zustrinutsa-z-komandou-trampa1283-den-vijni/,403,,wayback_cdx
suspilne,https://suspilne.media/110428-na-prikarpatti-vstanovlat-flagstok-u-muzei-stepana-banderi-za-miljon-griven/,200,missing body or title,wayback_cdx
suspilne,https://suspilne.media/1104492-ugoda-pro-nadra-urad-zatverdiv-predstavnikiv-vid-ukraini-do-kerivnoi-radi-fondu-vidbudovi/,404,,wayback_cdx
suspilne,https://suspilne.media/110485-v-ukraini-doslidzuut-riven-kolektivnogo-imunitetu/,200,missing body or title,wayback_cdx
suspilne,https://suspilne.media/1107282-maut-buti-uridicni-zobovazanna-zelenskij-hoce-sob-parlamenti-koalicii-ohocih-progolosuvali-za-garantii-bezpeki-2/,403,,wayback_cdx
suspilne,https://suspilne.media/1107440-zelenskij-zaproponuvav-ssa-format-zahistu-neba-zsu-posiluut-borotbu-z-dronami-rf-golovni-novini-ranku-5-veresna/,403,,wayback_cdx
suspilne,https://suspilne.media/1107934-mzs-rf-namagaetsa-zablokuvati-realni-peregovori-zaprosennam-u-moskvu/,403,,wayback_cdx
suspilne,https://suspilne.media/1112712-zahisniki-aki-likuutsa-za-kordonom-zmozut-prohoditi-vlk-distancijno/,403,,wayback_cdx
suspilne,https://suspilne.media/1113230-britania-zaprovadila-novi-sankcii-proti-tinovogo-flotu-rosii-2/,403,,wayback_cdx
suspilne,https://suspilne.media/1113548-u-gruzii-zaavili-pro-pricetnist-ukraini-do-vvezenna-vibuhivki-v-krainu/,,,wayback_cdx
suspilne,https://suspilne.media/1114328-rosijskij-dron-zaletiv-u-rumuniu-v-ufi-droni-urazili-naftovij-zavod-1299-den-vijni/,,,wayback_cdx
suspilne,https://suspilne.media/111449-kviti-klumbam-a-prava-zinkam-u-vinnici-vidbulas-mirna-akcia-kozna-za-sebe-kozna-za-vsih/,,,wayback_cdx
suspilne,https://suspilne.media/1114682-droni-gur-atakuvali-vijskove-himicne-virobnictvo-u-permskomu-krai-rf-dzerela/,,,wayback_cdx
suspilne,https://suspilne.media/1115436-vijskovi-ssa-pribuli-do-bilorusi-na-navcanna-zapad-2025/,404,,wayback_cdx
suspilne,https://suspilne.media/1115702-v-ukrainu-z-rosijskoi-okupacii-vdalosa-povernuti-16-ditej/,,,wayback_cdx
suspilne,https://suspilne.media/1115804-akbi-zustric-bula-tristoronnou-to-mi-b-mali-pevnij-rezultat-prezident-pro-zustric-na-alasci/,404,,wayback_cdx
suspilne,https://suspilne.media/1116554-lukasenko-pomiluvav-25-ludej/,403,,wayback_cdx
suspilne,https://suspilne.media/1116710-fon-der-laen-19-j-paket-sankcij-es-proti-rosii-zacepit-kriptorinok-banki-ta-energetiku/,,,wayback_cdx
suspilne,https://suspilne.media/1116862-vperse-zaspivali-gimn-z-sino-zovtimi-praporami-akou-bula-cervona-ruta-1989-u-cernivcah-suspilne-videonovini/,403,,wayback_cdx
suspilne,https://suspilne.media/1117276-ukrainci-starse-60-rokiv-mozut-vstupiti-na-vijskovu-sluzbu-za-kontraktom/,,,wayback_cdx
suspilne,https://suspilne.media/1117618-u-eksprezidenta-brazilii-bolsonaru-diagnostuvali-rak-skiri/,404,,wayback_cdx
suspilne,https://suspilne.media/1117696-ministr-oboroni-polsi-priihav-u-kiiv/,,,wayback_cdx
suspilne,https://suspilne.media/1117978-v-estonii-rozpocalisa-miznarodni-vijskovi-navcanna-bliskavka/,404,,wayback_cdx
suspilne,https://suspilne.media/1118548-proti-ukraini-na-storoni-rf-vouut-blizko-20-tisac-kubinskih-najmanciv/,404,,wayback_cdx
suspilne,https://suspilne.media/1118634-india-prodovzit-kupuvati-rosijsku-naftu-popri-vimogi-trampa/,404,,wayback_cdx
suspilne,https://suspilne.media/111896-vi-zavtra-pomiritesa-a-nam-zajva-robota-ci-zahisae-derzava-vid-domasnogo-nasilstva/,200,missing body or title,wayback_cdx
suspilne,https://suspilne.media/1119420-evakuacia-z-doneccini-igri-geroiv-dla-veteraniv-obstrili-hersona-tizden-u-foto/,,,wayback_cdx
suspilne,https://suspilne.media/1120510-povitrani-sili-ukrainska-ppo-zneskodila-132-z-141-droniv/,404,,wayback_cdx
suspilne,https://suspilne.media/1120986-ukraine-facility-u-evrokomisii-rozkrili-deaki-detali-peregladu-planu-programi-pro-aki-prosit-ukraina/,,,wayback_cdx
suspilne,https://suspilne.media/1121316-v-italii-vidbuvautsa-protesti-na-tli-posilenogo-nastupu-izrailu-v-sektori-gazi/,404,,wayback_cdx
suspilne,https://suspilne.media/1121410-zsu-za-dobu-likviduvali-ponad-tisacu-okupantiv-i-majze-piv-tisaci-droniv/,404,,wayback_cdx
suspilne,https://suspilne.media/1121636-v-ukraini-vidkrilosa-predstavnictvo-centralnogo-agentstva-upravlinna-proektami-litvi/,,,wayback_cdx
suspilne,https://suspilne.media/1121912-mi-dopomozemo-ta-zalucimo-vsih-souznikiv-rutte-pro-droni-nad-danieu/,404,,wayback_cdx
suspilne,https://suspilne.media/1122252-zelenskij-akso-vijni-v-nebi-ne-bude-rosia-ne-zmoze-vesti-bojovi-dii-na-zemli/,,,wayback_cdx
suspilne,https://suspilne.media/112244-u-mobilnomu-gospitali-prikarpatta-likuutsa-tri-pacientki-z-covid-19/,,,wayback_cdx
suspilne,https://suspilne.media/1123115-u-danii-zakrili-eroprot-cerez-droni-v-povitranomu-prostori/,,,wayback_cdx
suspilne,https://suspilne.media/1123299-urad-danii-gotue-zakonoproekt-so-rozsirue-mozlivosti-zbivati-bezpilotniki/,,,wayback_cdx
suspilne,https://suspilne.media/1123635-lideri-es-u-kopengageni-obgovorat-porusenna-dronami-povitranogo-prostoru-danii-ta-insih-krain/,,,wayback_cdx
suspilne,https://suspilne.media/1123953-nad-francuzkim-vijskovim-obektom-litali-droni/,404,,wayback_cdx
suspilne,https://suspilne.media/112401-u-lucku-znajsli-pocuplenu-skulpturu-klikuna-ta-dvoh-kradiiv/,,,wayback_cdx
suspilne,https://suspilne.media/1124449-genstab-pidtverdiv-urazenna-afipskogo-npz-u-krasnodarskomu-krai-rf/,404,,wayback_cdx
suspilne,https://suspilne.media/1124743-dania-peredast-ukraini-paket-dopomogi-na-400-mln-evro/,404,,wayback_cdx
suspilne,https://suspilne.media/1124907-zapracuvala-nova-socmereza-vibes-vid-meta-tam-koristuvaci-stvoruvatimut-si-video/,404,,wayback_cdx
suspilne,https://suspilne.media/1125323-droni-sbu-atakuvali-naftovij-obekt-u-cuvaskij-respublici-rf-dzerela/,403,,wayback_cdx
suspilne,https://suspilne.media/1125457-masovana-ataka-rf-po-ukraini-polsa-pidnala-vinisuvaci-golovni-novini-ranku-28-veresna/,403,,wayback_cdx
suspilne,https://suspilne.media/1125803-v-moldovi-zakrilis-viborci-dilnici-aka-avka/,404,,wayback_cdx
suspilne,https://suspilne.media/1125995-prezident-finlandii-stubb-zaaviv-so-ne-nakazuvatime-zbivati-cili-aki-porusuvatimut-povitranij-prostir-jogo-kraini/,,,wayback_cdx
suspilne,https://suspilne.media/1126367-tusk-vidreaguvav-na-zaavi-polakiv-pro-vijnu-rf-v-ukraini-ca-vijna-ce-takoz-i-nasa-vijna/,404,,wayback_cdx
suspilne,https://suspilne.media/1126765-pivnicna-korea-zaavila-v-oon-so-nikoli-ne-vidmovitsa-vid-adernoi-zbroi/,,,wayback_cdx
suspilne,https://suspilne.media/1126979-vazlivi-novini-z-vasingtona-svitovi-lideri-vitaut-plan-trampa-sodo-pripinenna-vognu-u-gazi/,,,wayback_cdx
suspilne,https://suspilne.media/1127323-u-nimeccini-uvaznili-ekspomicnika-deputata-afd-za-spigunstvo-na-korist-kitau/,404,,wayback_cdx
suspilne,https://suspilne.media/1127587-smigal-zapevniv-so-minoboroni-gotove-maksimalno-spriati-virobnikam-min-u-masstabuvanni-virobnictva/,404,,wayback_cdx
suspilne,https://suspilne.media/112798-varimo-10-vidiv-siru-svasennik-na-lvivsini-vidkriv-sirovarnu-ta-pracue-z-ludmi-z-invalidnistu/,200,missing body or title,wayback_cdx
suspilne,https://suspilne.media/112837-obsuki-v-glusco-kompania-prokomentuvala-dialnist-sbu/,200,missing body or title,wayback_cdx
suspilne,https://suspilne.media/1128716-na-caes-buv-blekaut-cerez-rosijski-obstrili-pereboi-zi-svitlom-buli-v-kilkoh-regionah-1317-den-vijni/,,,wayback_cdx
suspilne,https://suspilne.media/1129334-socviplati-zmini-na-kordoni-ta-bankivski-perekazi-so-zminitsa-dla-ukrainciv-u-zovtni/,404,,wayback_cdx
suspilne,https://suspilne.media/1129728-za-minulu-dobu-na-fronti-vidbulos-162-boezitknenna-armia-rf-vtratila-970-soldativ-genstab-zsu/,,,wayback_cdx
suspilne,https://suspilne.media/1130144-rf-zavdala-masovanogo-udaru-po-gazovih-obektah-naftogazu-na-harkivsini-ta-poltavsini/,,,wayback_cdx
suspilne,https://suspilne.media/1130432-apple-vidalila-dodatki-dla-vidstezenna-agentiv-ice-pisla-zvernenna-bilogo-domu/,,,wayback_cdx
suspilne,https://suspilne.media/1130678-aeroportu-munhena-zakrivali-cerez-droni-tramp-zaaviv-pro-mir-iz-hamas-golovni-novini-ranku-4-zovtna/,,,wayback_cdx
suspilne,https://suspilne.media/113122-na-hmelniccini-za-dobu-desat-smertej-vid-uskladnen-covid-19/,,,wayback_cdx
suspilne,https://suspilne.media/1131444-putin-smietsa-iz-zahodu-zelenskij-pro-ataku-rosii-na-ukrainu-v-nic-na-5-zovtna/,,,wayback_cdx
suspilne,https://suspilne.media/1131618-persij-etap-mae-buti-zaversenij-cogo-tizna-tramp-zaaviv-pro-progres-u-peregovorah-iz-hamas/,,,wayback_cdx
suspilne,https://suspilne.media/1132520-verhovnij-sud-ssa-vidhiliv-apelaciu-spilnici-dzeffri-epstejna/,,,wayback_cdx
suspilne,https://suspilne.media/1134110-donald-tramp-zaklikav-uvazniti-ocilnikiv-cikago-ta-illinojsu/,,,wayback_cdx
suspilne,https://suspilne.media/1134366-es-uzgodiv-zahodi-sodo-peremisenna-diplomativ-rf/,403,,wayback_cdx
suspilne,https://suspilne.media/1134414-za-ostannij-misac-armia-rf-zavdala-1550-udariv-po-cernigivsini-sumsini-ta-poltavsini-zelenskij/,,,wayback_cdx
suspilne,https://suspilne.media/1136048-nimeccina-iniciue-miznarodnu-konferenciu-dla-vidbudovi-sektoru-gazi/,,,wayback_cdx
suspilne,https://suspilne.media/1136336-programa-lyra-velika-britania-ta-ukraina-pidpisali-zaavu-pro-namiri-sodo-oboronnogo-partnerstva/,403,,wayback_cdx
suspilne,https://suspilne.media/1136942-satdaun-u-ssa-administracia-trampa-pocala-zvilnenna-ponad-4000-federalnih-pracivnikiv/,,,wayback_cdx
suspilne,https://suspilne.media/113799-stomatolog-dla-alpaki-luckij-zoopark-vidvidali-veterinari-iz-kieva/,,,wayback_cdx
suspilne,https://suspilne.media/1138126-ce-vze-ak-cleni-simi-ak-u-girskomu-seli-na-lvivsini-pracue-kozina-ferma-suspilne-videonovini/,403,,wayback_cdx
suspilne,https://suspilne.media/1138606-evrokomisia-ostrafuvala-modni-brendi-gucci-chloe-ta-loewe-na-157-mln/,,,wayback_cdx
suspilne,https://suspilne.media/1138846-ostanne-slovo-za-trampom-vitaker-pro-postacanna-ukraini-raket-tomahawk/,,,wayback_cdx
suspilne,https://suspilne.media/1139178-ispania-gotova-do-povnoi-vidmovi-vid-rosijskogo-gazu-vze-u-2027-roci/,,,wayback_cdx
suspilne,https://suspilne.media/1140070-ramstajn-zakincivsa-vidilennam-novih-paketiv-dopomogi-v-oblastah-diut-ekstreni-vidklucenna-1331-den-vijni/,,,wayback_cdx
suspilne,https://suspilne.media/1140888-v-usih-oblastah-ukraini-vvedeni-grafiki-obmezenna-potuznosti-dla-promislovih-spozivaciv-ukrenergo/,,,wayback_cdx
suspilne,https://suspilne.media/1141112-zelenskij-priletiv-v-ssa-tramp-i-putin-domovilis-pro-zustric-u-budapesti-1332-den-vijni/,,,wayback_cdx
suspilne,https://suspilne.media/1141212-tramp-zustrinetsa-z-zelenskim-za-obidom/,,,wayback_cdx
suspilne,https://suspilne.media/114161-cistij-krilos-ak-prikarpatski-skolari-dbaut-pro-selo-ta-motivuut-stavati-ekosvidomimi/,200,missing body or title,wayback_cdx
suspilne,https://suspilne.media/1141922-vstup-v-es-energetika-ta-ekonomika-tretij-raund-konsultacij-ukraini-ta-slovaccini-v-kosice/,403,,wayback_cdx
suspilne,https://suspilne.media/1142080-ukrainska-delegacia-privezla-trampu-mapi-z-bolovimi-tockami-rosijskoi-oboronki-dzerelo/,,,wayback_cdx
suspilne,https://suspilne.media/1142370-britania-proponue-rozrobiti-mirnij-plan-dla-ukraini-za-zrazkom-planu-trampa-dla-gazi-axios/,,,wayback_cdx
suspilne,https://suspilne.media/1143112-ukraina-gotue-kontrakt-na-kupivlu-25-sistem-patriot-zelenskij/,,,wayback_cdx
suspilne,https://suspilne.media/114329-na-kooperativnomu-rinku-u-zitomiri-u-tretini-partij-rannih-ogirkiv-viavili-pidvisenij-vmist-nitrativ/,200,missing body or title,wayback_cdx
suspilne,https://suspilne.media/1144474-lideri-es-dorucat-evrokomisii-rozrobiti-plan-vikoristanna-zamorozenih-aktiviv-rf-dla-ukraini-dokument/,403,,wayback_cdx
suspilne,https://suspilne.media/1144714-orban-propustit-diskusiu-sodo-ukraini-v-cetver-na-samiti-es/,,,wayback_cdx
suspilne,https://suspilne.media/114534-v-ukraini-ponad-tisacu-osib-povtorno-zahvorili-na-covid-19-cgz/,200,missing body or title,wayback_cdx
suspilne,https://suspilne.media/1145608-ukraina-ta-svecia-pidpisali-ugodu-pro-namiri-sodo-kupivli-vinisuvaciv-gripen/,,,wayback_cdx
suspilne,https://suspilne.media/1145816-kabmin-vidiliv-ponad-700-mln-grn-na-remont-dorig-u-troh-oblastah/,,,wayback_cdx
suspilne,https://suspilne.media/1145894-tramp-pogovorit-iz-si-sob-kitaj-bilse-ne-kupuvav-rosijsku-naftu/,,,wayback_cdx
suspilne,https://suspilne.media/114661-u-zaporizzi-prezentuvali-uvilejnij-nomer-muzejnogo-visnika/,200,missing body or title,wayback_cdx
suspilne,https://suspilne.media/1147560-u-britanii-vilucili-najbilsu-v-sviti-partiu-nebezpecnih-ukoliv-dla-shudnenna/,,,wayback_cdx
suspilne,https://suspilne.media/1147800-vlada-ontario-zupinit-reklamnu-kampaniu-sodo-tarifiv-cerez-aku-tramp-pripiniv-torgivelni-peremovini-z-kanadou/,,,wayback_cdx
suspilne,https://suspilne.media/1148196-dosi-ta-do-17-tepla-sinoptiki-dali-prognoz-na-26-zovtna/,,,wayback_cdx
suspilne,https://suspilne.media/1148306-poklade-kinec-trivalomu-prikordonnomu-konfliktu-tailand-i-kambodza-pidpisali-mirnu-ugodu-u-prisutnosti-trampa/,,,wayback_cdx
suspilne,https://suspilne.media/1148712-ssa-i-kitaj-ostatocno-uzgodili-ugodu-sodo-tiktok-bessent/,,,wayback_cdx
suspilne,https://suspilne.media/1149202-vitkoffa-zaprosili-do-ukraini-golova-mzs/,403,,wayback_cdx
suspilne,https://suspilne.media/114968-profspilka-zaliznicnikiv-planue-velikij-strajk-koli-ta-aki-mozut-buti-naslidki/,,,wayback_cdx
suspilne,https://suspilne.media/1149772-flamingo-vze-na-poli-bou-zelenskij-pidtverdiv-perse-dieve-zastosuvanna-raketi/,,,wayback_cdx
suspilne,https://suspilne.media/115098-virsovana-filosofia-zitta-na-lugansini-poetesa-suzanna-zadiraka-predstavila-zbirku/,,,wayback_cdx
suspilne,https://suspilne.media/1151958-hto-otrimae-grosi-za-vidpustki-zagiblih-vijskovih-urad-utocniv-poradok-kompensacij/,,,wayback_cdx
suspilne,https://suspilne.media/1152218-ukraina-ponovlue-import-gazu-transbalkanskim-koridorom-pisla-dvomisacnoi-perervi/,,,wayback_cdx
suspilne,https://suspilne.media/115287-policia-provodit-slidci-dii-pid-op-pisla-akcii-prihilnikiv-sternenka/,,,wayback_cdx
suspilne,https://suspilne.media/1153178-z-pocatku-2025-roku-sili-oboroni-znisili-48-rosijskih-sistem-ppo-pancir/,,,wayback_cdx
suspilne,https://suspilne.media/1153470-litva-pripinae-tranzit-nafti-rf-do-kaliningrada-cerez-sankcii-ssa-ta-velikoi-britanii/,403,,wayback_cdx
suspilne,https://suspilne.media/1153586-ministri-energetiki-krain-g7-zasudili-rosijski-ataki-na-energeticnu-sistemu-ukraini/,,,wayback_cdx
suspilne,https://suspilne.media/1153900-urad-gotue-pidtrimku-dla-naselenna-u-zimovij-period-zelenskij/,,,wayback_cdx
suspilne,https://suspilne.media/115493-u-harkovi-protestuut-pracivniki-teatriv/,200,missing body or title,wayback_cdx
suspilne,https://suspilne.media/1155462-bilse-nemae-pidstav-dla-nadanna-pritulku-merc-hoce-z-prezidentom-sirii-znajti-risenna-sodo-bizenciv/,,,wayback_cdx
suspilne,https://suspilne.media/1156880-estonia-vidilit-3-mln-evro-na-starlink-dla-ukraini-smigal/,403,,wayback_cdx
suspilne,https://suspilne.media/1158342-sibiga-pricini-slabkih-rezultativ-gruzii-na-slahu-do-es-u-tbilisi-a-ne-v-kievi/,,,wayback_cdx
suspilne,https://suspilne.media/1159084-prezident-kenii-poprosiv-zelenskogo-zvilniti-polonenih-kenijciv-aki-vouvali-na-boci-rf/,,,wayback_cdx
suspilne,https://suspilne.media/1159324-priznacenna-komanduvaca-bezpilotnih-sistem-ppo-programa-dla-zahistu-prifrontovih-mist-vid-droniv-1354-den-vijni/,,,wayback_cdx
suspilne,https://suspilne.media/1159576-pivnicna-korea-prigrozila-ssa-ta-pivdennij-korei-nastupalnimi-diami/,,,wayback_cdx
suspilne,https://suspilne.media/115984-u-zitomiri-5-malolitnih-ditej-povtorno-vilucili-z-rodini-kilka-dniv-buli-bez-nagladu-materi/,,,wayback_cdx
suspilne,https://suspilne.media/1160304-grafiki-znestrumlen-10-listopada-diatimut-vprodovz-dobi-u-bilsosti-regioniv-ukraini/,,,wayback_cdx
suspilne,https://suspilne.media/1160494-bila-kordonu-tailandu-ta-malajzii-zatonuv-coven-z-bizencami-z-manmi-11-zaginuli-sotni-znikli-bezvisti/,,,wayback_cdx
suspilne,https://suspilne.media/1161076-pidsankcijnij-lukojl-ogolosiv-fors-mazor-na-najbilsomu-naftovomu-rodovisi-v-iraku-reuters/,,,wayback_cdx
suspilne,https://suspilne.media/1161284-u-es-prokomentuvali-ataku-rf-na-energetiku-vkotre-putin-prodovzue-terorizuvati-ukrainciv/,,,wayback_cdx
suspilne,https://suspilne.media/116152-zelenskij-zaprovadiv-novi-antirosijski-sankcii/,,,wayback_cdx
suspilne,https://suspilne.media/1161956-prokuratura-vimagae-zasuditi-eksocilnika-stambula-imamoglu-do-ponad-2000-rokiv-vaznici/,,,wayback_cdx
suspilne,https://suspilne.media/1162236-dania-ogolosila-pro-novij-paket-dopomogi-ukraini-na-sumu-ponad-210-mln/,,,wayback_cdx
suspilne,https://suspilne.media/1162870-zelenskij-zaprovadit-sankcii-proti-biznesmeniv-aki-figuruut-u-rozsliduvanni-nabu-po-energoatomu/,,,wayback_cdx
suspilne,https://suspilne.media/1163172-vaks-obirae-zapobiznij-zahid-se-odnij-figurantci-spravi-nabu-z-rozkradanna-v-energoatomi/,,,wayback_cdx
suspilne,https://suspilne.media/1163294-ugorsina-zaklikala-es-pripiniti-finansuvanna-ukraini-cerez-korupcijnij-skandal/,,,wayback_cdx
suspilne,https://suspilne.media/1163710-u-minenergo-zaperecili-so-mironuk-buv-radnikom-ministra/,,,wayback_cdx
suspilne,https://suspilne.media/116404-radiacijnij-fon-na-veselivskomu-rodovisi-u-kropivnickomu-majze-vtrici-perevisue-normu/,,,wayback_cdx
suspilne,https://suspilne.media/1164220-eksgolova-ukrenergo-prokomentuvav-zahist-energetiki-ta-zbilsenna-importu-elektroenergii/,,,wayback_cdx
suspilne,https://suspilne.media/1164460-prezident-kse-milovanov-jde-z-nagladovoi-radi-ukroboronpromu/,,,wayback_cdx
suspilne,https://suspilne.media/1164744-estonia-pocala-operaciu-z-pidvisenna-gotovnosti-do-povitranih-zagroz/,,,wayback_cdx
suspilne,https://suspilne.media/1165040-ukraina-ta-ssa-priznacili-investicijnogo-radnika-dla-fondu-vidbudovi/,,,wayback_cdx
suspilne,https://suspilne.media/1165212-v-indijskij-policii-vid-vibuhiv-zaginuli-pravoohoronci-voni-ogladali-dokazi/,,,wayback_cdx
suspilne,https://suspilne.media/1165476-estonia-vidilit-ponad-3-mln-evro-na-starlink-dla-ukraini/,,,wayback_cdx
suspilne,https://suspilne.media/1165684-za-dobu-na-fronti-vidbulosa-176-boezitknen-armia-rf-vtratila-860-soldativ-genstab-zsu/,,,wayback_cdx
suspilne,https://suspilne.media/1165820-golova-depozitariu-euroclear-zaavila-so-ne-viklucae-sudovih-pozoviv-proti-es-u-razi-konfiskacii-zamorozenih-aktiviv-rf/,,,wayback_cdx
suspilne,https://suspilne.media/116602-v-ukrainu-vidpravili-persu-partiu-vakcini-proti-koronavirusu-z-kitau/,,,wayback_cdx
suspilne,https://suspilne.media/1166188-ssa-planuut-viznati-venesuelne-ugrupovanna-cartel-de-los-soles-inozemnou-teroristicnou-organizacieu/,,,wayback_cdx
suspilne,https://suspilne.media/1166606-litva-peredala-ukraini-obladnanna-dla-vidnovlenna-energeticnoi-infrastrukturi/,,,wayback_cdx
suspilne,https://suspilne.media/1167116-tramp-pogodivsa-na-antirosijski-sankcii-akso-matime-ostanne-slovo-u-ih-zastosuvanni-bilij-dim/,,,wayback_cdx
suspilne,https://suspilne.media/1167406-u-nacbanku-zaavili-so-ne-rozroblaut-dizajn-banknoti-nominalom-5-tisac-griven-a-posirena-informacia-fejk/,,,wayback_cdx
suspilne,https://suspilne.media/1167688-spivgolova-novoi-livici-cazastij-stav-novim-spikerom-sejmu-polsi/,,,wayback_cdx
suspilne,https://suspilne.media/116790-do-ukraini-pribula-vakcina-coronavac/,,,wayback_cdx
suspilne,https://suspilne.media/1168028-rf-zavdae-udariv-po-zahidnih-oblastah-ukraini/,,,wayback_cdx
suspilne,https://suspilne.media/1168398-es-ocinili-reakciu-uradu-sodo-antikorupcijnih-zahodiv-u-korporaciah/,,,wayback_cdx
suspilne,https://suspilne.media/1168664-u-cloudflare-poasnili-pricinu-globalnogo-zbou/,,,wayback_cdx
suspilne,https://suspilne.media/1168936-u-ternopoli-trivae-rozbir-zavaliv-za-eksministra-cernisova-vnesli-zastavu-1366-den-vijni/,,,wayback_cdx
suspilne,https://suspilne.media/1168984-u-razanskij-oblasti-rf-stalasa-pozeza-na-pidpriemstvi-pisla-dronovoi-ataki/,,,wayback_cdx
suspilne,https://suspilne.media/116925-ternopilski-vazkoatleti-viboroli-zoloto-ta-sriblo-na-cempionati-ukraini/,,,wayback_cdx
suspilne,https://suspilne.media/1169604-u-trampa-hocut-sob-nimeccina-komanduvala-silami-nato-u-evropi/,,,wayback_cdx
suspilne,https://suspilne.media/117001-na-doneccini-vid-obstrilu-okupantiv-zaginulo-4-ukrainskih-vijskovih/,,,wayback_cdx
suspilne,https://suspilne.media/1170360-zastupnik-prokurora-sap-sinuk-zvilnivsa-za-vlasnim-bazannam/,,,wayback_cdx
suspilne,https://suspilne.media/1170716-tramp-ogolosiv-krajnij-termin-dla-ukraini-sodo-mirnogo-planu-ssa/,,,wayback_cdx
suspilne,https://suspilne.media/1170888-droni-fp-1-ta-fp-2-zavdali-bilse-50-vsih-urazen-u-serpni-veresni-recnik-genstabu/,,,wayback_cdx
suspilne,https://suspilne.media/1171098-najblizcimi-dnami-ukrainska-delegacia-provede-z-partnerami-zi-ssa-konsultacii-sodo-krokiv-dla-zakincenna-vijni-op/,,,wayback_cdx
suspilne,https://suspilne.media/1171368-u-nimeccini-mozut-vkluciti-temu-golodomoru-do-skilnoi-programi/,,,wayback_cdx
suspilne,https://suspilne.media/1171540-budanov-rosijskij-general-ocolue-misiu-z-pidgotovki-vijskovih-u-venesueli/,,,wayback_cdx
suspilne,https://suspilne.media/1171770-24-listopada-po-vsij-ukraini-diatimut-grafiki-vidklucen-svitla-ukrenergo/,,,wayback_cdx
suspilne,https://suspilne.media/1171926-u-nic-na-24-listopada-ukrainska-ppo-zneskodila-125-rosijskih-droniv-povitrani-sili/,,,wayback_cdx
suspilne,https://suspilne.media/1172442-nebezpecnij-signal-svitovi-tak-zvanij-duhovnij-radnik-trampa-pro-mirnij-plan-ssa/,,,wayback_cdx
suspilne,https://suspilne.media/1172722-u-nigerii-vikrali-303-ditej-ta-12-vciteliv-z-hristianskoi-skoli/,,,wayback_cdx
suspilne,https://suspilne.media/1172818-ataka-droniv-na-pivden-rosii-troe-zagiblih-u-taganrozi-ta-rujnuvanna-v-novorosijsku/,,,wayback_cdx
suspilne,https://suspilne.media/1173198-sud-vidhiliv-apelaciu-zahistu-zorinoi-u-spravi-pro-rozkradanna-v-energoatomi-ta-zalisiv-zapobiznij-zahid-bez-zmin/,,,wayback_cdx
suspilne,https://suspilne.media/1173604-26-listopada-u-bilsosti-regioniv-ukraini-vimikatimut-svitlo-za-grafikami-ukrenergo/,,,wayback_cdx
suspilne,https://suspilne.media/1173756-vitkoff-davav-usakovu-poradi-sodo-spilkuvanna-z-trampom-bloomberg/,,,wayback_cdx
suspilne,https://suspilne.media/117388-kuleba-vvazae-so-makron-moze-povernuti-putina-do-peremovin-sodo-donbasu/,,,wayback_cdx
suspilne,https://suspilne.media/1174194-fon-der-laen-nazvala-pat-klucovih-principiv-es-dla-majbutnoi-mirnoi-ugodi-sodo-rosijsko-ukrainskoi-vijni/,,,wayback_cdx
suspilne,https://suspilne.media/1174544-es-moze-uzgoditi-plan-finansuvanna-ukraini-u-grudni-golova-mzs-finlandii/,,,wayback_cdx
suspilne,https://suspilne.media/1174710-pro-vivezenna-se-troh-ditej-z-okupovanoi-castini-ukraini-povidomiv-glava-op-ermak/,,,wayback_cdx
suspilne,https://suspilne.media/1174896-ludi-sami-kidalisa-do-mogil-u-nadii-vpiznati-tila-ak-u-sirii-pisla-padinna-rezimu-asada-sukaut-zniklih-bezvisti/,,,wayback_cdx
suspilne,https://suspilne.media/1175304-ukraina-ta-team-europe-stvorili-koaliciu-ukrittiv-civilnogo-zahistu/,,,wayback_cdx
suspilne,https://suspilne.media/1175558-cmut-maemo-fakticno-buti-persou-armieu-svitu-sob-peremogti-drugu-armiu-svitu/,,,wayback_cdx
suspilne,https://suspilne.media/1175670-kriminalnu-spravu-nardepa-opzz-hristenka-skeruvali-do-sudu/,,,wayback_cdx
suspilne,https://suspilne.media/1175782-ne-e-pidozruvanim-ci-obvinuvacenim-nabu-pro-dopit-umerova/,,,wayback_cdx
suspilne,https://suspilne.media/1176164-ekstradovanogo-do-nimeccini-ukrainca-sergia-kuznecova-pidozruvanogo-u-pidrivi-pivnicnih-potokiv-zaarestuvali/,,,wayback_cdx
suspilne,https://suspilne.media/1176512-urad-prodovziv-diu-materialiv-lisovporadkuvanna-ta-zapuskae-elektronnij-kabinet-eksportera/,,,wayback_cdx
suspilne,https://suspilne.media/1177084-1-grudna-zelenskij-vidvidae-franciu-ta-zustrinetsa-z-makronom/,,,wayback_cdx
suspilne,https://suspilne.media/1177274-ukraina-ta-norvegia-spilno-viroblatimut-ukrainski-droni/,,,wayback_cdx
suspilne,https://suspilne.media/1177610-aeroport-vilnusa-znovu-prizupiniv-robotu-u-comu-pricina/,,,wayback_cdx
suspilne,https://suspilne.media/117779-u-prikarpatskomu-seli-na-shodah-budinku-znajsli-pokinute-novonarodzene-nemovla/,,,wayback_cdx
suspilne,https://suspilne.media/1178118-zelenskij-i-makron-provedut-rozmovu-zi-starmerom-ta-liderami-es/,,,wayback_cdx
suspilne,https://suspilne.media/1178608-u-aponii-frazou-roku-za-versieu-vidavnictva-jiyu-kokumin-sha-stalo-pracuvati-pracuvati-premerki-takaici/,,,wayback_cdx
suspilne,https://suspilne.media/1179456-ak-rf-bila-dronami-pat-godin-pospil-po-kramatorsku-rozpovidi-mistan-suspilne-videonovini/,,,wayback_cdx
suspilne,https://suspilne.media/1179828-u-rosii-znovu-vibuh-na-naftoprovodi-druzba-dzerelo/,,,wayback_cdx
suspilne,https://suspilne.media/1180114-malajzia-vidnovit-glibokovodni-posuki-zniklogo-rejsu-mh370/,,,wayback_cdx
suspilne,https://suspilne.media/1180356-italia-vvazae-peredcasnou-ucast-u-programi-nato-purl-cerez-mirni-peregovori/,,,wayback_cdx
suspilne,https://suspilne.media/1180462-u-senati-ssa-predstavili-dokazi-vikradenna-ukrainskih-ditej-rosieu-detali-sluhan/,,,wayback_cdx
suspilne,https://suspilne.media/1180798-brave1-zapuskae-persu-grantovu-programu-dla-virobnikiv-komponentiv-fedorov/,,,wayback_cdx
suspilne,https://suspilne.media/1181256-litva-moze-viznati-vtorgnenna-povitranih-kul-z-bilorusi-aktami-terorizmu/,,,wayback_cdx
suspilne,https://suspilne.media/1181398-mincifri-18-kompanij-podalisa-na-granti-dla-stvorenna-raket-ppo-ta-vibuhovih-recovin/,,,wayback_cdx
suspilne,https://suspilne.media/1181656-ssa-opriludnili-novu-strategiu-z-nacbezpeki-u-prioriteti-druzba-z-rosieu-ta-povernenna-demokratii-evropi/,,,wayback_cdx
suspilne,https://suspilne.media/1182068-dania-skorotit-vijskovu-pidtrimku-ukraini-u-2026-roci/,,,wayback_cdx
suspilne,https://suspilne.media/1182320-ukrzaliznica-povidomila-pro-zmini-ruhu-poizdiv-cerez-fastiv/,,,wayback_cdx
suspilne,https://suspilne.media/1182758-u-zsu-sluzat-majze-500-kapelaniv-vid-13-religijnih-organizacij-smigal/,,,wayback_cdx
suspilne,https://suspilne.media/1183460-umerov-zaaviv-so-8-grudna-detalno-prozvitue-zelenskomu-sodo-kilkadennih-peremovin-z-amerikancami-u-ssa/,,,wayback_cdx
suspilne,https://suspilne.media/1184258-sprava-skorohod-vaks-obrav-zapobiznij-zahid-pomicniku-nardepki/,,,wayback_cdx
suspilne,https://suspilne.media/118468-na-bukovini-vodiiv-za-novimi-pravilami-ostrafuvali-na-miljon-griven/,,,wayback_cdx
suspilne,https://suspilne.media/1185024-pidrozdili-zsu-vze-zamovili-ponad-160-nazemnih-robotizovanih-kompleksiv-za-e-bali-fedorov/,,,wayback_cdx
suspilne,https://suspilne.media/1185198-prezident-finlandii-vvazae-so-mirna-ugoda-dla-ukraini-zaraz-blizca-niz-bud-koli/,,,wayback_cdx
suspilne,https://suspilne.media/118573-naviso-potribna-velika-privatizacia-ta-ci-vratue-vona-ekonomiku-dumka-eksperta/,,,wayback_cdx
suspilne,https://suspilne.media/1186142-palata-predstavnikiv-ssa-uhvalila-oboronnij-budzet-800-mln-planuut-na-vijskovu-dopomogu-ukraini/,,,wayback_cdx
suspilne,https://suspilne.media/1186478-cerez-obstrili-tri-diuci-aes-ukraini-zmuseni-zniziti-potuznist-ta-vidklucati-bloki-magate/,,,wayback_cdx
suspilne,https://suspilne.media/118674-mzs-zaavilo-pro-provokacii-proti-spivrobitnikiv-posolstva-ukraini-v-moskvi/,,,wayback_cdx
suspilne,https://suspilne.media/1187018-programa-eosela-kabmin-zniziv-ipotecnu-stavku-dla-mobilizovanih-vijskovih/,,,wayback_cdx
suspilne,https://suspilne.media/1187160-ponad-cotiri-tisaci-droniv-ta-174-boezitknenna-genstab-pro-bojovi-dii-minuloi-dobi/,,,wayback_cdx
suspilne,https://suspilne.media/1187762-kolisnij-radnik-trampa-stav-konsultantom-rosijskogo-lukojlu-politico/,,,wayback_cdx
suspilne,https://suspilne.media/1188134-u-g7-zaavili-pro-gotovnist-spriati-posilennu-zahistu-energetiki-ukraini/,,,wayback_cdx
suspilne,https://suspilne.media/119111-u-dolinskij-oblastuvali-bezkostovnij-majdancik-z-vulicnimi-trenazerami/,,,wayback_cdx
suspilne,https://suspilne.media/119211-egipet-gotuetsa-do-paradu-mumij-so-ce-take/,,,wayback_cdx
suspilne,https://suspilne.media/119347-dovibori-u-radu-na-frankivsini-borotba-za-golosi/,,,wayback_cdx
suspilne,https://suspilne.media/119473-zelenskij-pidpisav-ukaz-pro-vakcinaciu-ukrainciv/,,,wayback_cdx
suspilne,https://suspilne.media/119664-mau-ponovila-rejsi-do-14-krain-kudi-mozna-vzati-kvitok/,,,wayback_cdx
suspilne,https://suspilne.media/119873-u-kalusi-majze-10-vodi-ne-vidpovidaut-derzavno-sanitarnim-normam-i-pravilam/,,,wayback_cdx
suspilne,https://suspilne.media/120027-najvazce-z-togo-so-a-tut-baciv-ce-smert-prikarpatec-oduzav-pisla-70-urazenna-legen/,,,wayback_cdx
suspilne,https://suspilne.media/120158-india-moze-vidnoviti-eksport-vakcini-astrazeneca-do-lita-ale-e-umova/,,,wayback_cdx
suspilne,https://suspilne.media/12045-u-kropivnickomu-pidgotuvali-likarni-na-vipadok-zahvoruvan-na-koronavirus/,,,wayback_cdx
suspilne,https://suspilne.media/120521-izrail-onoviv-pravila-vizdu-dla-inozemciv-hto-moze-vidvidati-krainu/,,,wayback_cdx
suspilne,https://suspilne.media/120635-prikarpatskij-universitet-stav-krasim-sered-vitciznanih-vnz-ta-naukovo-doslidnih-ustanov/,,,wayback_cdx
suspilne,https://suspilne.media/120843-do-miznarodnogo-dna-romiv-v-istoricnomu-muzei-dnipra-vidkrili-vistavku/,200,missing body or title,wayback_cdx
suspilne,https://suspilne.media/121010-valentin-vasanovic-rozpoviv-comu-atlantida-ne-potrapila-do-sort-lista-oskara/,,,wayback_cdx
suspilne,https://suspilne.media/121170-najbagatsi-kraini-vakcinuutsa-u-25-raziv-svidse-za-restu-svitu-bloomberg/,,,wayback_cdx
suspilne,https://suspilne.media/121575-prezidentom-ekvadoru-stav-kolisnij-bankir/,,,wayback_cdx
suspilne,https://suspilne.media/121897-mi-ne-dumali-so-budemo-tut-dovgo-ale-vijslo-inakse-dobrovolci-pro-pocatok-ato/,,,wayback_cdx
suspilne,https://suspilne.media/121980-sklo-z-kolonadi-dnistra-zaberut-administracia-gotelu/,200,missing body or title,wayback_cdx
suspilne,https://suspilne.media/122245-dii-rosii-na-kordoni-zbilsuut-rizik-nenavmisnoi-eskalacii-posol-svecii-pro-pidtrimku-ukraini/,,,wayback_cdx
suspilne,https://suspilne.media/122580-spacex-dostavit-na-misac-doslidnicku-miciu-nasa/,200,missing body or title,wayback_cdx
suspilne,https://suspilne.media/122787-ssa-vveli-sankcii-proti-rosii/,,,wayback_cdx
suspilne,https://suspilne.media/122991-pasporti-vakcinacii-v-ukraini-mozut-vprovaditi-pisla-seplenna-bilsosti-naselenna-stepanov/,,,wayback_cdx
suspilne,https://suspilne.media/123212-volinskij-faberze-vstanoviv-odrazu-dva-svitovi-rekordi/,,,wayback_cdx
suspilne,https://suspilne.media/123345-silni-duhom-u-hersoni-provedut-blagodijnij-probig-na-pidtrimku-ditej-z-invalidnistu/,,,wayback_cdx
suspilne,https://suspilne.media/123483-kurgani-skifski-babi-ta-stoanki-neandertalciv-arheolog-pro-istoricni-pamatki-kirovogradsini/,,,wayback_cdx
suspilne,https://suspilne.media/123618-u-kievi-prosautsa-z-pismennikom-volodimirom-avorivskim/,,,wayback_cdx
suspilne,https://suspilne.media/123769-u-lucku-patrulnih-sepluut-vakcinou-coronavac/,,,wayback_cdx
suspilne,https://suspilne.media/124021-bagatoditna-rodina-z-kropivnickogo-rajonu-pece-hlib-ta-rozdae-jogo-tim-hto-potrebue/,200,missing body or title,wayback_cdx
suspilne,https://suspilne.media/124210-v-ukraini-zareestruvali-cetvertu-vakcinu-proti-covid-19/,,,wayback_cdx
suspilne,https://suspilne.media/124346-odin-iz-cotiroh-ditacih-sanatoriiv-hmelniccini-finansuvatimut-z-oblasnogo-budzetu-aka-dola-insih/,,,wayback_cdx
suspilne,https://suspilne.media/124507-na-zitomirsini-ziteli-sela-kamin-perekrivali-dorogu-protestuuci-proti-optimizacii-miscevoi-skoli/,,,wayback_cdx
suspilne,https://suspilne.media/124718-u-es-pogodili-tehnicni-specifikacii-zelenih-pasportiv/,,,wayback_cdx
suspilne,https://suspilne.media/124884-ssa-slidkuvatimut-za-vidvedennam-rosijskih-vijsk-vid-ukrainskogo-kordonu-derzdep/,,,wayback_cdx
suspilne,https://suspilne.media/125127-na-ostrovi-hortica-prezentuvali-proekt-rekonstrukcii-muzeu-kozactva/,,,wayback_cdx
suspilne,https://suspilne.media/125279-prikarpatski-nadzvicajniki-vratuvali-kotika-ta-troh-cucenat/,,,wayback_cdx
suspilne,https://suspilne.media/125531-v-es-rozrahovuut-dosagnuti-kolektivnogo-imunitetu-vid-covid-19-do-seredini-lita/,200,missing body or title,wayback_cdx
suspilne,https://suspilne.media/125727-boepripasi-casiv-drugoi-svitovoi-de-ih-najbilse-na-dnipropetrovsini-ta-so-robiti-koli-znajsli/,,,wayback_cdx
suspilne,https://suspilne.media/125872-na-volin-dostavili-7-700-doz-vakcini-astrazeneca-skbio/,,,wayback_cdx
suspilne,https://suspilne.media/126111-na-prikarpatti-zmagalisa-u-povitranih-boah/,,,wayback_cdx
suspilne,https://suspilne.media/126313-dron-ingenuity-z-visoti-sfotografuvav-marsohid-perseverance/,200,missing body or title,wayback_cdx
suspilne,https://suspilne.media/126500-top-5-knizok-pro-cornobilsku-katastrofu-aki-radit-procitati-literaturoznavica-tamara-gundorova/,,,wayback_cdx
suspilne,https://suspilne.media/126762-babusa-tiktokerka-u-81-pensionerka-z-vinniccini-stala-blogerkou/,,,wayback_cdx
suspilne,https://suspilne.media/127083-nimeccina-poverne-nigerii-artefakti-beninskoi-bronzi/,,,wayback_cdx
suspilne,https://suspilne.media/127237-boarinu-lesi-ukrainki-vperse-pereklali-bolgarskou/,,,wayback_cdx
suspilne,https://suspilne.media/127550-vijskovosluzbovec-z-ternopilsini-rozpoviv-ak-mirotvorci-svatkuut-velikden-v-dr-kongo/,200,missing body or title,wayback_cdx
suspilne,https://suspilne.media/127788-na-rivnensini-prezentuvali-persu-bataliu-pro-bij-pid-gurbami/,,,wayback_cdx
suspilne,https://suspilne.media/127982-u-krivomu-rozi-piketuvali-sbu-vimagauci-sankcij-sodo-vilkula-cerez-jogo-jmovirnu-rozmovu-z-surkovim/,,,wayback_cdx
suspilne,https://suspilne.media/128224-derzsekretar-ssa-priihav-do-kieva/,,,wayback_cdx
suspilne,https://suspilne.media/128360-odnoricnij-elisej-z-bahmuta-u-akogo-ridkisne-zahvoruvanna-otrimav-ukol-najdorozcih-u-sviti-likiv/,200,missing body or title,wayback_cdx
suspilne,https://suspilne.media/128631-a-vtrativ-bagato-krovi-medsestra-vratuvala-95-ricnij-veteran-evgen-merinov-zgadue-drugu-svitovu/,,,wayback_cdx
suspilne,https://suspilne.media/128778-vid-pocatku-roku-na-dnipropetrovsini-ponad-370-rodin-skoristalisa-poslugou-emalatko-cerez-cnap/,,,wayback_cdx
suspilne,https://suspilne.media/128898-legalnij-vidobutok-burstinu-comu-vin-dosi-ne-pocavsa-na-rivnensini/,,,wayback_cdx
suspilne,https://suspilne.media/129035-bila-budinku-princa-garri-i-megan-markl-u-ssa-pomitili-vedmeda-satuna/,,,wayback_cdx
suspilne,https://suspilne.media/129240-na-hramovij-gori-v-erusalimi-ponovilisa-suticki-sotni-postrazdalih/,,,wayback_cdx
suspilne,https://suspilne.media/129380-v-ivano-frankivsku-na-zno-zareestruvalasa-rekordna-kilkist-abiturientiv/,,,wayback_cdx
suspilne,https://suspilne.media/129635-sprava-gandzuk-sud-zalisiv-mangera-ta-levina-pid-vartou/,,,wayback_cdx
suspilne,https://suspilne.media/129860-bili-plami-pokritta-comu-na-harkivsini-movlat-rosijski-fm-stancii-ta-tb-kanali/,,,wayback_cdx
suspilne,https://suspilne.media/130073-u-kropivnickomu-zakrivaut-filiu-doneckogo-medicnogo-universitetu/,,,wayback_cdx
suspilne,https://suspilne.media/130196-makaroni-olia-ta-ajca-aki-produkti-na-volini-zdorozcali/,,,wayback_cdx
suspilne,https://suspilne.media/130513-vse-zastiglo-v-minulij-eposi-so-prihovue-stare-kladovise-u-cerkasah/,,,wayback_cdx
suspilne,https://suspilne.media/130683-odrazu-tagne-bluvati-ak-zivut-poruc-z-najbilsim-smittevim-poligonom-na-bukovini/,,,wayback_cdx
suspilne,https://suspilne.media/130964-v-islandii-vistavili-na-prodaz-diucij-vulkan/,,,wayback_cdx
suspilne,https://suspilne.media/131186-lukasenko-pidpisav-zakon-akij-dozvolae-zastosovuvati-bojovu-tehniku-proti-demonstrantiv/,,,wayback_cdx
suspilne,https://suspilne.media/131443-vsi-subsidii-nadautsa-u-vinatkovo-bezgotivkovij-formi-z-travna-minsocpolitiki/,,,wayback_cdx
suspilne,https://suspilne.media/131751-sudda-z-doneccini-vimagav-34-tisaci-dolariv-habara/,,,wayback_cdx
suspilne,https://suspilne.media/131960-ekspert-poasniv-ak-perehid-na-e-sistemu-prodazu-zemli-vpline-na-rinok-zemli/,,,wayback_cdx
suspilne,https://suspilne.media/132072-pisla-persogo-pivfinalu-goa-pidnalisa-v-rejtingu-bukmekeriv-evrobacenna/,,,wayback_cdx
suspilne,https://suspilne.media/132153-u-zitomiri-colovik-akij-v-centri-mista-kidavsa-z-nozem-na-perehozih-travmuvav-policejskogo/,,,wayback_cdx
suspilne,https://suspilne.media/132372-sumcani-poborutsa-za-zvanna-cempiona-ukraini-z-plaznogo-volejbolu/,,,wayback_cdx
suspilne,https://suspilne.media/132605-vakcinacia-kolektiviv-kompanij-ak-pidgotuvatisa-do-priizdu-mobilnoi-brigadi/,,,wayback_cdx
suspilne,https://suspilne.media/132801-u-centri-kieva-rozpocavsa-trans-mars-cogo-vimagaut-ucasniki/,,,wayback_cdx
suspilne,https://suspilne.media/132943-mi-prosto-cetvirka-druziv-aki-graut-ulublenu-muziku-gurt-maneskin-pro-peremogu-na-evrobacenni/,200,missing body or title,wayback_cdx
suspilne,https://suspilne.media/133043-protest-svitu-ta-naslidki-dla-lukasenka-so-vidomo-pro-zatrimanna-romana-protasevica-u-minsku/,,,wayback_cdx
suspilne,https://suspilne.media/133225-slaviks-fashion-u-frankivsku-trivae-fotovistavka-robit-iz-portretami-modnogo-bezhatcenka/,,,wayback_cdx
suspilne,https://suspilne.media/133373-bilorus-opublikuvala-video-iz-zatrimanim-protasevicem/,,,wayback_cdx
suspilne,https://suspilne.media/133578-so-vidomo-pro-romana-protasevica-suspilne-videonovini/,,,wayback_cdx
suspilne,https://suspilne.media/133781-do-ukraini-pribula-persa-partia-vakcini-pfizer-aku-pridbali-kostom-derzavi/,,,wayback_cdx
suspilne,https://suspilne.media/133956-motorola-akij-proponuvav-miritisa-i-barikada-iz-suhpau-cerkaskij-veteran-pro-dap/,,,wayback_cdx
suspilne,https://suspilne.media/134173-cernivci-kuplat-v-lizing-avtobusi-za-ponad-100-miljoniv-griven-ak-za-ce-platitimut/,,,wayback_cdx
suspilne,https://suspilne.media/134334-na-rivnensini-vidnovili-legalnij-vidobutok-burstinu-de-i-hto-cim-zajmaetsa/,,,wayback_cdx
suspilne,https://suspilne.media/134512-rokovini-smerti-olesi-gak-hto-vidpovidalnij-za-bezpeku-ditini-v-privatnomu-ditsadku/,,,wayback_cdx
suspilne,https://suspilne.media/134673-zavod-podribnuvac-zabrudnue-povitra-ludi-skarzatsa-na-vikidi-pidpriemstva/,,,wayback_cdx
suspilne,https://suspilne.media/134776-30-travna-u-hersoni-timcasovo-obmezat-ruh-transportu-cerez-veloprobig/,,,wayback_cdx
suspilne,https://suspilne.media/135057-iz-zaporizza-sanaviacieu-dopravili-do-stolici-triricnu-ditinu-z-urazennam-legeniv/,,,wayback_cdx
suspilne,https://suspilne.media/135360-ukrainske-poeticne-kino-abo-comu-vavilon-xx-ivana-mikolajcuka-stav-kultovim/,,,wayback_cdx
suspilne,https://suspilne.media/135552-bakterii-dopomogli-vcenim-ocistiti-kapelu-roboti-mikelandzelo-vid-plam/,200,missing body or title,wayback_cdx
suspilne,https://suspilne.media/135751-miznarodni-organizacii-zaproponuvali-plan-vihodu-iz-pandemii-so-vin-peredbacae/,,,wayback_cdx
suspilne,https://suspilne.media/135932-urad-virisiv-pidnati-granicnu-cinu-na-benzin/,,,wayback_cdx
suspilne,https://suspilne.media/13608-oleksandra-rojtburda-ponovili-na-posadi-direktora-odeskogo-hudoznogo-muzeu/,,,wayback_cdx
suspilne,https://suspilne.media/136370-u-ternopoli-reprezentuvali-film-pro-cotiroh-kiborgiv-2/,,,wayback_cdx
suspilne,https://suspilne.media/136671-amerikanski-specsluzbi-zasumnivalisa-v-insoplanetnomu-pohodzenni-nlo-nyt/,,,wayback_cdx
suspilne,https://suspilne.media/136934-ak-dola-predkiv-ta-ridnih-vplivae-na-nase-zitta-poasnue-psihologina/,200,missing body or title,wayback_cdx
suspilne,https://suspilne.media/137138-u-cerkasah-visokij-riven-zabrudnenna-povitra-rezultati-doslidzen/,,,wayback_cdx
suspilne,https://suspilne.media/137433-na-donbasi-bila-budinku-bojovika-znajdeno-shron-zbroi/,,,wayback_cdx
suspilne,https://suspilne.media/140606-pocala-obvaluvatisa-stela-ziteli-sadibi-skovorodi-na-harkivsini-hocut-pereihati/,200,missing body or title,wayback_cdx
suspilne,https://suspilne.media/142344-delta-stam-covid-19-moze-svidko-vrazati-molod-golovnij-sanlikar/,403,,wayback_cdx
suspilne,https://suspilne.media/145054-na-cernigivsini-u-avariah-zaginuli-dvi-ludini/,200,missing body or title,wayback_cdx
suspilne,https://suspilne.media/146586-evro-2020-u-londoni-natovp-vbolivalnikiv-prorvavsa-kriz-kordon-ohoroni/,200,missing body or title,wayback_cdx
suspilne,https://suspilne.media/147354-agrosektor-hersonsini-cogoric-zberut-furaznogo-zerna-bilse-niz-prodovolcogo/,200,missing body or title,wayback_cdx
suspilne,https://suspilne.media/14771-navoditi-mosti-sivoho-anonsuvav-start-nacionalnoi-platformi-primirenna-ta-ednosti/,403,,wayback_cdx
suspilne,https://suspilne.media/154630-na-paralimpiadi-u-tokio-zmagatimutsa-14-sportsmeniv-z-harkivsini/,200,missing body or title,wayback_cdx
suspilne,https://suspilne.media/155212-u-lvovi-centralizovano-vakcinuut-studentiv-lvivskoi-politehniki/,200,missing body or title,wayback_cdx
suspilne,https://suspilne.media/156062-uspisni-bo-nezalezni-istoria-oleni-skorupi-z-vinniccini-aka-30-rokiv-pracue-zurnalistkou/,200,missing body or title,wayback_cdx
suspilne,https://suspilne.media/161448-borotba-zi-zlivami-v-odesi-stvoruut-kartu-pidtoplen-mista/,200,missing body or title,wayback_cdx
suspilne,https://suspilne.media/161991-molodec-ce-buv-smilivij-vistup-svitolina-vidznacila-kanadijku-aka-vibila-ii-z-us-open-video/,200,missing body or title,wayback_cdx
suspilne,https://suspilne.media/162691-za-pidozruvanogo-v-habarnictvi-kerivnika-lotnoi-akademii-kropivnickogo-vnesli-zastavu/,200,missing body or title,wayback_cdx
suspilne,https://suspilne.media/162992-fbr-opriludnilo-persij-dokument-sodo-teraktiv-11-veresna/,200,missing body or title,wayback_cdx
suspilne,https://suspilne.media/164006-budivnictvo-mosta-na-pasicnu-v-ivano-frankivsku-planuut-zaversiti-u-2022-roci-marcinkiv/,200,missing body or title,wayback_cdx
suspilne,https://suspilne.media/166845-ak-vberegtisa-vid-botulizmu-poasnue-golovna-sanitarna-likarka-kirovogradsini/,200,missing body or title,wayback_cdx
suspilne,https://suspilne.media/167806-u-rivnomu-planuut-dekomunizuvati-vulicu-mikoli-ostrovskogo-koli-ce-stanetsa/,200,missing body or title,wayback_cdx
suspilne,https://suspilne.media/170042-visluki-lami-ta-borgi-za-elektriku-ak-zive-mezigira-fotoreportaz/,200,missing body or title,wayback_cdx
suspilne,https://suspilne.media/170893-opaluvalnij-sezon-u-lucku-de-uze-podali-teplo/,200,missing body or title,wayback_cdx
suspilne,https://suspilne.media/18311-komanda-molodiznogo-nacionalisticnogo-kongresu-peremogla-v-kubku-suhevica-v-ternopoli/,200,missing body or title,wayback_cdx
suspilne,https://suspilne.media/184466-atrosenko-do-10-grudna-poobicav-nazvati-firmu-aka-dobudue-budinki-ukrsiverbudu/,200,missing body or title,wayback_cdx
suspilne,https://suspilne.media/184577-10-tisac-zvernen-stosovno-domasnogo-nasilstva-zafiksuvali-na-zakarpatti-z-pocatku-2021-roku/,200,missing body or title,wayback_cdx
suspilne,https://suspilne.media/184779-izrailski-vceni-vinajsli-sposib-ak-znisiti-koronavirus-za-dvi-sekundi/,200,missing body or title,wayback_cdx
suspilne,https://suspilne.media/184957-ni-razu-ne-poskoduvala-so-vzala-tvarin-iz-pritulku-istoria-pro-lubov-i-poratunok/,200,missing body or title,wayback_cdx
suspilne,https://suspilne.media/184999-zbirna-ukraini-z-vodnogo-polo-vperse-za-20-rokiv-zdobula-peremogu-na-turniri-video/,200,missing body or title,wayback_cdx
suspilne,https://suspilne.media/185558-dva-tizni-do-kinca-prizovnoi-kampanii-na-skilki-vikonanij-plan-na-zaporizzi/,200,missing body or title,wayback_cdx
suspilne,https://suspilne.media/185882-50-kg-burstinu-viavili-zakarpatski-mitniki-u-pasazirskomu-potazi-kiiv-viden/,200,missing body or title,wayback_cdx
suspilne,https://suspilne.media/186132-poki-so-tverda-triecka-dara-blasko-pro-pocatok-sezonu-ta-debut-na-kubku-svitu-202122/,200,missing body or title,wayback_cdx
suspilne,https://suspilne.media/186358-volonteri-navcaut-ludej-starsogo-viku-u-sumah-koristuvatisa-gadzetami/,200,missing body or title,wayback_cdx
suspilne,https://suspilne.media/186512-na-zitomirsini-kolektiv-berdicivskogo-liceu-sportivnogo-profilu-vistupae-proti-zakritta-zakladu/,200,missing body or title,wayback_cdx
suspilne,https://suspilne.media/186878-za-ostannu-dobu-na-sumsini-mense-sotni-novih-vipadkiv-infikuvanna-koronavirusom/,200,missing body or title,wayback_cdx
suspilne,https://suspilne.media/187326-u-spravi-mikoli-harkivskogo-perevirat-telefonni-dzvinki/,200,missing body or title,wayback_cdx
suspilne,https://suspilne.media/187465-naivne-mistectvo-katerini-bilokur-suspilne-videonovini/,200,missing body or title,wayback_cdx
suspilne,https://suspilne.media/187616-sportsmeni-sumsini-pretenduut-na-ucast-u-matci-zirok-futzalnoi-ekstra-ligi/,200,missing body or title,wayback_cdx
suspilne,https://suspilne.media/187969-u-cerkasah-mitinguvali-pracivniki-cerkasivodokanalu-so-vimagali/,200,missing body or title,wayback_cdx
suspilne,https://suspilne.media/188043-amerikanska-pismennica-napise-feministicnu-versiu-romanu-orvella-1984/,200,missing body or title,wayback_cdx
suspilne,https://suspilne.media/188297-ak-bukovincam-pereviriti-ci-legalna-alinka-instrukcia/,200,missing body or title,wayback_cdx
suspilne,https://suspilne.media/188355-mozut-peresuvatisa-na-avto-na-sumsini-v-odnij-rodini-znikli-dvoe-ditej/,200,missing body or title,wayback_cdx
suspilne,https://suspilne.media/188634-v-odesi-vidkrili-punkt-vakcinacii-proti-covid-19-dla-onkohvorih/,200,missing body or title,wayback_cdx
suspilne,https://suspilne.media/188924-na-doneccini-ta-lugansini-covid-19-viavili-u-111-ludej/,200,missing body or title,wayback_cdx
suspilne,https://suspilne.media/189041-rezultat-zerebkuvanna-lc-skasovano-cerez-organizacijni-pomilki-vidbudetsa-perezerebkuvanna/,200,missing body or title,wayback_cdx
suspilne,https://suspilne.media/189305-najaktualnisa-karpatska-vidma-hhi-stolitta-z-vami-na-zvazku-intervu-alina-pash/,200,missing body or title,wayback_cdx
suspilne,https://suspilne.media/189905-zasib-borotbi-z-tinovou-ekonomikou-ci-tisk-na-biznes-ekspert-pro-kasovi-aparati/,200,missing body or title,wayback_cdx
suspilne,https://suspilne.media/189990-obsuki-na-volini-vikrili-nezakonnu-shemu-prodazu-burstinu/,200,missing body or title,wayback_cdx
suspilne,https://suspilne.media/190365-so-vidomo-pro-novoricni-alinki-u-rajcentrah-na-poltavsini/,200,missing body or title,wayback_cdx
suspilne,https://suspilne.media/190486-roztrata-330-tisac-na-odesini-suditimut-posadovciv-prikordonnogo-zagonu/,200,missing body or title,wayback_cdx
suspilne,https://suspilne.media/190827-povidomiv-pro-zaminuvanna-mostu-na-poltavsini-rozpocali-kriminalne-provadzenna/,200,missing body or title,wayback_cdx
suspilne,https://suspilne.media/191008-pokaranna-za-publicne-zaperecenna-zbrojnoi-agresii-rf-urad-proponue-zaprovaditi-strafi-so-vidomo/,200,missing body or title,wayback_cdx
suspilne,https://suspilne.media/191047-potriben-odag-ta-vzutta-cerkasan-prosat-podilitisa-teplimi-recami/,200,missing body or title,wayback_cdx
suspilne,https://suspilne.media/191658-na-ivano-frankivsini-perekinuvsa-avtomobil-zaginula-pensionerka/,200,missing body or title,wayback_cdx
suspilne,https://suspilne.media/191754-peremoga-usika-paralimpiada-ta-velike-budivnictvo-ukrainci-nazvali-golovni-dosagnenna-2021-roku/,200,missing body or title,wayback_cdx
suspilne,https://suspilne.media/192426-pozezu-u-privatnomu-sektori-u-harkovi-gasat-blizko-30-ratuvalnikiv/,200,missing body or title,wayback_cdx
suspilne,https://suspilne.media/192522-u-minkulti-rozpovili-pro-rezultati-velikoi-restavracii-v-2021-roci-ta-ozvucili-plani-na-2022-rik/,200,missing body or title,wayback_cdx
suspilne,https://suspilne.media/192966-u-harkovi-z-avtivok-sformuvali-rizdvanogo-angola-dovzinou-bilse-100-metriv/,200,missing body or title,wayback_cdx
suspilne,https://suspilne.media/193924-aku-pogodu-prognozuut-v-odesi-na-novij-rik/,200,missing body or title,wayback_cdx
suspilne,https://suspilne.media/194225-na-doneccini-ta-lugansini-covid-19-pidtverdili-u-417-ludej/,200,missing body or title,wayback_cdx
suspilne,https://suspilne.media/194632-ne-mozna-goduvati-hlibom-ornitologina-z-cernivciv-rozpovila-ak-dogladati-za-lebedami-na-pruti/,200,missing body or title,wayback_cdx
suspilne,https://suspilne.media/195338-avaria-v-odesi-gospitalizuvali-zinku-ta-dvoh-ditej/,200,missing body or title,wayback_cdx
suspilne,https://suspilne.media/195443-z-hitkou-ogorozeu-ta-novim-shilom-v-odesi-vidkrili-dilanku-uporadkovanogo-bulvaru-zvaneckogo/,200,missing body or title,wayback_cdx
suspilne,https://suspilne.media/195517-rozmezuvanna-sfer-vplivu-ce-ne-pitanna-2021-22-rokiv-pro-so-topdiplomat-es-rozpoviv-na-donbasi/,200,missing body or title,wayback_cdx
suspilne,https://suspilne.media/195794-na-lugansini-colovik-pogrozuvav-kinuti-granatu-z-vikna-bagatopoverhivki/,200,missing body or title,wayback_cdx
suspilne,https://suspilne.media/196844-na-hersonsini-vstanovluut-vezi-z-kamerami-sposterezenna-dla-zberezenna-lisu-vid-pozez/,200,missing body or title,wayback_cdx
suspilne,https://suspilne.media/196997-za-dobu-na-volini-pidtverdili-94-novih-vipadkiv-covid-19-dvi-ludini-pomerli/,200,missing body or title,wayback_cdx
suspilne,https://suspilne.media/197016-u-cernigovi-cogoric-planuut-pridbati-5-novih-trolejbusiv/,200,missing body or title,wayback_cdx
suspilne,https://suspilne.media/197085-lvivan-zaklikaut-zdavati-na-utilizaciu-alinki-ak-ce-mozna-zrobiti/,200,missing body or title,wayback_cdx
suspilne,https://suspilne.media/197225-miljon-griven-planuut-vidiliti-z-budzetu-uzgoroda-na-onovlenna-dvoh-avarijnih-kotelen/,200,missing body or title,wayback_cdx
suspilne,https://suspilne.media/197435-pomer-narodnij-artist-ukraini-zi-lvova-evgen-fedorcenko/,200,missing body or title,wayback_cdx
suspilne,https://suspilne.media/197969-ludina-moze-zaraziti-insih-koronavirusom-i-pisla-10-dennoi-samoizolacii-doslidzenna/,200,missing body or title,wayback_cdx
suspilne,https://suspilne.media/198581-v-zakarpatskomu-muzei-narodnoi-arhitekturi-ta-pobutu-provedut-den-selfi/,200,missing body or title,wayback_cdx
suspilne,https://suspilne.media/199131-u-gromadi-na-bukovini-zaprovadili-distancijne-navcanna-v-skolah-ta-sadockah/,200,missing body or title,wayback_cdx
suspilne,https://suspilne.media/200194-komanduvac-vms-nimeccini-akij-zaaviv-pro-povagu-do-putina-pisov-u-vidstavku/,200,missing body or title,wayback_cdx
suspilne,https://suspilne.media/200438-u-cerkasah-zaminuvali-odin-iz-koledziv/,200,missing body or title,wayback_cdx
suspilne,https://suspilne.media/200780-perenosat-v-osnovnomu-bezsimptomno-cerkasan-prodovzuut-vakcinuvati-busternou-dozou/,200,missing body or title,wayback_cdx
suspilne,https://suspilne.media/201029-karantin-na-lvivsini-posiluut-z-26-sicna-so-zminitsa/,200,missing body or title,wayback_cdx
suspilne,https://suspilne.media/202155-u-dnipri-prosautsa-z-zagiblimi-pid-cas-strilanini-na-pivdenmasi/,403,,wayback_cdx
suspilne,https://suspilne.media/202405-goldsprints-party-u-vinnici-vidbulisa-peregoni-na-velostankah/,200,missing body or title,wayback_cdx
suspilne,https://suspilne.media/203750-persi-dni-roboti-policejskih-avtomobiliv-fantomiv-ci-stae-na-dorogah-bezpecnise/,200,missing body or title,wayback_cdx
suspilne,https://suspilne.media/203766-rozklad-vistupiv-ukrainciv-u-nulovij-den-olimpiadi-2022-patnica-4-lutogo-hto-zmagaetsa/,200,missing body or title,wayback_cdx
suspilne,https://suspilne.media/204612-harkivska-oblrada-formue-konkursnu-komisiu-z-obranna-kerivnika-onkocentru/,200,missing body or title,wayback_cdx
suspilne,https://suspilne.media/207193-covid-19-na-hmelniccini-viavili-679-novih-vipadiv-zarazenna/,200,missing body or title,wayback_cdx
suspilne,https://suspilne.media/207405-opituvanna-ponad-37-ukrainciv-gotovi-ciniti-zbrojnij-opir-rosii-ce-bilse-niz-dva-misaci-tomu/,200,missing body or title,wayback_cdx
suspilne,https://suspilne.media/207649-usi-ohoci-mozut-pridbati-kvitki-na-poloti-v-kosmos-virgin-galactic-treba-lise-mati-450-tisac/,403,,wayback_cdx
suspilne,https://suspilne.media/207706-dla-dobrocinnosti-u-cerkasah-vstanovili-avtomat-akij-peretvorue-plastikovi-plaski-na-grosi/,200,missing body or title,wayback_cdx
suspilne,https://suspilne.media/208337-u-kievi-do-15-berezna-pensioneri-zmozut-bezkostovno-sterilizuvati-domasnih-tvarin-kmda/,200,missing body or title,wayback_cdx
suspilne,https://suspilne.media/208800-ukraina-zaversila-vistupi-na-olimpiadi-2022-najkrasim-rezultatom-u-liznih-peregonah-u-pekini/,200,missing body or title,wayback_cdx
suspilne,https://suspilne.media/208831-na-plosi-geroiv-nebesnoi-sotni-u-harkovi-vsanuvali-zagiblih-ucasnikiv-revolucii-gidnosti/,200,missing body or title,wayback_cdx
suspilne,https://suspilne.media/208877-sumcanki-zdobuli-medali-na-cempionati-evropi-zi-strilbi-z-luka/,200,missing body or title,wayback_cdx
suspilne,https://suspilne.media/208911-v-odesi-ogolosili-tender-na-rozrobku-transportnoi-modeli-mista/,200,missing body or title,wayback_cdx
suspilne,https://suspilne.media/209332-mi-nicogo-i-nikomu-ne-viddamo-zelenskij-zvernuvsa-do-ukrainciv/,200,missing body or title,wayback_cdx
suspilne,https://suspilne.media/209386-pidpali-u-cerkvi-sbu-perehopili-rozmovi-pro-organizaciu-teraktiv-u-harkovi/,200,missing body or title,wayback_cdx
suspilne,https://suspilne.media/210123-napad-rf-persi-zaavi-ta-rekomendacii-vladi-rivnensini/,200,missing body or title,wayback_cdx
suspilne,https://suspilne.media/210680-ratuvalniki-harkivsini-za-dobu-zagasili-11-pozez-spricinenih-obstrilami/,200,missing body or title,wayback_cdx
suspilne,https://suspilne.media/210944-virisiv-vouvati-za-svou-krainu-u-poltavi-cerga-z-ohocih-iti-na-front/,200,missing body or title,wayback_cdx
suspilne,https://suspilne.media/211213-u-sumah-jdut-boi-v-ohtirci-obstrili/,200,missing body or title,wayback_cdx
suspilne,https://suspilne.media/212423-statuu-svobodi-u-francii-vbrali-u-zovto-sini-kolori/,200,missing body or title,wayback_cdx
suspilne,https://suspilne.media/212633-koordinacijnij-stab-volonteriv-dnipra-minae-dislokaciu/,200,missing body or title,wayback_cdx
suspilne,https://suspilne.media/212935-u-hmelnickomu-planuut-vidnoviti-robotu-ditacih-sadockiv/,200,missing body or title,wayback_cdx
suspilne,https://suspilne.media/212964-u-kropivnickomu-70-ditej-sirit-z-budinku-ditini-pid-cas-trivogi-hovaut-v-ukritta/,200,missing body or title,wayback_cdx
suspilne,https://suspilne.media/213129-vodij-nadzvicajnikiv-vratuvav-dvoh-ludej-z-pid-zavaliv-budinku-u-harkovi/,200,missing body or title,wayback_cdx
suspilne,https://suspilne.media/213344-sapilo-geroj/,200,missing body or title,wayback_cdx
suspilne,https://suspilne.media/213700-moralnij-duh-rosian-nizkij-ne-vistacae-izi-tehnika-u-poganomu-stani-financial-times/,200,missing body or title,wayback_cdx
suspilne,https://suspilne.media/214000-tri-litaki-ta-tri-gelikopteri-mo-ozvucilo-vtrati-rosijskoi-aviacii-za-dobu/,200,missing body or title,wayback_cdx
suspilne,https://suspilne.media/214452-vijna-rosii-proti-ukraini-so-vidbuvaetsa-u-kiivskij-oblasti/,200,missing body or title,wayback_cdx
suspilne,https://suspilne.media/216673-rosii-nemae-cim-vouvati-im-zalisilosa-se-2-3-tizni-arestovic/,200,missing body or title,wayback_cdx
suspilne,https://suspilne.media/21720-vid-koronavirusu-v-sviti-oduzalo-vze-ponad-100-tisac-ludej/,200,missing body or title,wayback_cdx
suspilne,https://suspilne.media/217736-v-ukraini-blizko-169-tisaci-kompanij-nalezat-rosianam-ta-bilorusam-opendatabot/,200,missing body or title,wayback_cdx
suspilne,https://suspilne.media/218797-v-ukraini-znizuut-cini-na-palne-skilki-kostuvatime-benzin/,200,missing body or title,wayback_cdx
suspilne,https://suspilne.media/218950-patoh-meskanciv-odesini-pidozruut-u-nezakonnomu-povodzenni-zi-zbroeu/,200,missing body or title,wayback_cdx
suspilne,https://suspilne.media/219471-rosia-provodit-na-okupovanij-doneccini-mobilizaciu-genstab/,200,missing body or title,wayback_cdx
suspilne,https://suspilne.media/219612-na-doneccini-za-dobu-vijska-rf-obstrilali-6-naselenih-punktiv/,200,missing body or title,wayback_cdx
suspilne,https://suspilne.media/219629-u-svatosinskomu-rajoni-kieva-ulamki-snaradu-potrapili-v-zitlovij-budinok/,200,missing body or title,wayback_cdx
suspilne,https://suspilne.media/219807-na-ponedilok-pogodzeno-8-gumanitarnih-koridoriv-u-troh-oblastah-veresuk/,200,missing body or title,wayback_cdx
suspilne,https://suspilne.media/220219-22-berezna-na-zakarpatti-prosatimutsa-z-zagiblimi-na-vijni-sandorom-kisem-ta-sergiem-bidzileu/,403,,wayback_cdx
suspilne,https://suspilne.media/221532-rosiani-vdruge-obstrilali-rinok-barabasovo-v-harkovi-stalasa-pozeza/,200,missing body or title,wayback_cdx
suspilne,https://suspilne.media/221674-na-zakarpatti-vimusenim-pereselencam-viplacuvatimut-2-220-griven-dopomogi/,200,missing body or title,wayback_cdx
suspilne,https://suspilne.media/222667-harkiv-otrimav-medikamenti-ak-gumanitarnu-dopomogu-z-ssa-terehov/,200,missing body or title,wayback_cdx
suspilne,https://suspilne.media/223361-v-ivano-frankivsku-stvorat-videomateriali-dla-krizovoi-samodopomogi/,200,missing body or title,wayback_cdx
suspilne,https://suspilne.media/223439-za-den-na-kirovogradsini-vigorilo-12-gektariv-zemli-vnaslidok-pozez-travi-j-oceretu/,200,missing body or title,wayback_cdx
suspilne,https://suspilne.media/223541-rasisti-lise-i-mozut-so-vouvati-z-pamatkami-u-trostansi-zrujnovano-maetok-keniga/,200,missing body or title,wayback_cdx
suspilne,https://suspilne.media/224936-na-frankivsini-poprosalisa-iz-zahisnikami-ukraini-romanom-ta-leonidom-butusinimi/,200,missing body or title,wayback_cdx
suspilne,https://suspilne.media/225446-oleg-skripka-znav-klip-razom-iz-rodinou-ta-ukrainskimi-voinami/,403,,wayback_cdx
suspilne,https://suspilne.media/226143-mer-balaklii-stolbovij-viihav-do-rf-harkivska-ova/,200,missing body or title,wayback_cdx
suspilne,https://suspilne.media/226502-rosiani-obstrilali-odesinu-kerovanimi-raketami-e-travmovani/,200,missing body or title,wayback_cdx
suspilne,https://suspilne.media/226607-74-ukrainciv-vvazaut-so-upc-mp-mae-rozirvati-zvazki-iz-rpc-opituvanna/,200,missing body or title,wayback_cdx
suspilne,https://suspilne.media/230301-rosijski-okupanti-obstrilali-vijskovij-spital-u-harkovi/,200,missing body or title,wayback_cdx
suspilne,https://suspilne.media/230535-v-ukraini-zapustili-cat-bot-dla-posuku-zniklih-pid-cas-vijni-ditej/,200,missing body or title,wayback_cdx
suspilne,https://suspilne.media/231169-v-odesi-zatrimali-ucasnikiv-prorosijskogo-ruhu-robitnicij-front-ukraini-sbu/,403,,wayback_cdx
suspilne,https://suspilne.media/233480-u-velikij-pisarivci-vid-dij-vijskovih-rf-postrazdala-vulica-aka-mae-nazvu-divizii-so-rujnuvala-sumsinu/,200,missing body or title,wayback_cdx
suspilne,https://suspilne.media/233726-ivanofrankivka-anna-sirokvasa-viborola-zoloto-na-cempionati-evropi-z-taekvondo/,200,missing body or title,wayback_cdx
suspilne,https://suspilne.media/234441-adaptuvalisa-ta-vijsli-na-publiku-evakujovani-z-harkova-do-odesi-levi-teper-buvaut-u-vidkritomu-voleri-foto/,403,,wayback_cdx
suspilne,https://suspilne.media/234968-u-zitomiri-vidnovili-svou-robotu-municipalni-inspektori-z-parkuvanna/,200,missing body or title,wayback_cdx
suspilne,https://suspilne.media/235981-so-take-kikimori-i-ak-ih-vigotovlaut-reportaz-iz-volonterskogo-cehu-v-ivano-frankivsku/,200,missing body or title,wayback_cdx
suspilne,https://suspilne.media/236115-prikarpatskij-universitet-pererahuvav-majze-miljon-griven-na-potrebi-zsu/,200,missing body or title,wayback_cdx
suspilne,https://suspilne.media/236384-znisiti-krejser-moskva-dopomogli-rozviduvalni-dani-ssa-cnn/,200,missing body or title,wayback_cdx
suspilne,https://suspilne.media/237005-u-harkovi-vnaslidok-obstrilu-rf-zaginuv-vipusknik-pedagogicnogo-universitetu/,200,missing body or title,wayback_cdx
suspilne,https://suspilne.media/237915-u-bou-zaginuv-vijskovij-z-hmelniccini-sergij-godovanok/,403,,wayback_cdx
suspilne,https://suspilne.media/238191-na-shodi-zaginuv-zahisnik-z-krasilivskoi-gromadi-na-hmelniccini/,403,,wayback_cdx
suspilne,https://suspilne.media/239151-sergij-zadan-stav-ludinou-roku-na-dumku-gazeta-wyborcza/,200,missing body or title,wayback_cdx
suspilne,https://suspilne.media/239816-zitomirsina-prosaetsa-zi-svoimi-geroami-oboroncami-7/,403,,wayback_cdx
suspilne,https://suspilne.media/240658-u-kropivnickomu-z-polic-biblioteki-cizevsogo-pribrali-250-knizok-rosijskih-avtoriv/,200,missing body or title,wayback_cdx
suspilne,https://suspilne.media/245800-vnaslidok-rosijskogo-obstrilu-u-harkovi-gorila-skola-zaginula-zinka/,200,missing body or title,wayback_cdx
suspilne,https://suspilne.media/246565-na-dosci-dosi-lutij-direktor-pokazav-zrujnovanu-skolu-patihatok-u-harkovi/,200,missing body or title,wayback_cdx
suspilne,https://suspilne.media/246881-u-misti-na-ternopilsini-perejmenovuut-vulici/,200,missing body or title,wayback_cdx
suspilne,https://suspilne.media/248656-profesor-na-fronti-so-kazut-pro-kolegu-vikladaci-visu-na-rivnensini/,200,missing body or title,wayback_cdx
suspilne,https://suspilne.media/248890-tri-roki-umovno-ta-konfiskacia-majna-meskanca-odesini-zasudili-za-repost-prorosijskih-dopisiv/,403,,wayback_cdx
suspilne,https://suspilne.media/250428-cergova-sesia-hmelnickoi-oblradi-aki-pitanna-rozglanuli-j-so-prijnali-deputati/,200,missing body or title,wayback_cdx
suspilne,https://suspilne.media/251686-virisiv-ihati-odrazu-bo-e-dosvid-2014-roku-istoria-medika-akij-pereihav-na-rivnensinu/,200,missing body or title,wayback_cdx
suspilne,https://suspilne.media/255454-dvi-ludini-zaginuli-visim-otrimali-poranenna-vnaslidok-obstriliv-sumsini/,200,missing body or title,wayback_cdx
suspilne,https://suspilne.media/255571-cerez-mini-ta-desant-plazi-na-odesini-vidkrivati-ne-budut-dsns/,504,,wayback_cdx
suspilne,https://suspilne.media/259211-solist-maneskin-pramo-na-sceni-vilaav-putina-ta-vsih-hto-pidtrimue-vijnu/,200,missing body or title,wayback_cdx
suspilne,https://suspilne.media/259891-ukrainska-armia-z-aviacii-vdarila-po-rosijski-tehnici-na-izumskomu-napramku/,200,missing body or title,wayback_cdx
suspilne,https://suspilne.media/260741-u-rosijsko-ukrainskij-vijni-zaginuv-boec-desatki-vasil-kosovic/,200,missing body or title,wayback_cdx
suspilne,https://suspilne.media/265015-13-skil-ta-dvi-gimnazii-u-lucku-stali-liceami/,200,missing body or title,wayback_cdx
suspilne,https://suspilne.media/265136-na-pidtrimku-korbana-z-vidkritim-listom-do-zelenskogo-zvernulisa-bilse-sotni-politicnih-ta-gromadskih-diaciv/,200,missing body or title,wayback_cdx
suspilne,https://suspilne.media/266140-virisili-boroniti-samostijno-ak-muzejniki-ohoronali-vid-rosian-odnu-iz-najbilsih-misteckih-kolekcij-sumsini/,200,missing body or title,wayback_cdx
suspilne,https://suspilne.media/268625-vtorgnenna-rosii-v-ukrainu-den-165-tekstovij-onlajn/,403,,wayback_cdx
suspilne,https://suspilne.media/271827-u-hersoni-v-prijmalniku-rozpodilniku-dla-ditej-vijskovi-rf-oblastuvali-kativnu/,200,missing body or title,wayback_cdx
suspilne,https://suspilne.media/273063-film-rezisera-z-bukovini-pokazut-na-miznarodnomu-festivali-u-toronto/,200,missing body or title,wayback_cdx
suspilne,https://suspilne.media/275041-bolgaria-vidmovila-rf-u-vidaci-rosianina-akij-spaliv-svij-pasport-na-pidtrimku-ukraini/,200,missing body or title,wayback_cdx
suspilne,https://suspilne.media/277096-na-harkivsini-vnaslidok-obstriliv-poranen-zaznav-13-ricnij-hlopec-sinegubov/,200,missing body or title,wayback_cdx
suspilne,https://suspilne.media/280232-zelenskij-vidznaciv-na-alei-smilivosti-v-kievi-politikiv-latvii-polsi-cehii-ta-slovenii/,200,missing body or title,wayback_cdx
suspilne,https://suspilne.media/281889-204-den-vijni-hronika-podij-v-hersonskij-oblasti/,200,missing body or title,wayback_cdx
suspilne,https://suspilne.media/282059-cerga-do-odeskogo-cnapu-mikolaivsci-mozut-zapisatisa-na-zovten/,200,missing body or title,wayback_cdx
suspilne,https://suspilne.media/282134-usaid-nadast-ukraini-33-miljoni-dolariv-u-nastupni-5-rokiv-na-so-pidut-kosti/,200,missing body or title,wayback_cdx
suspilne,https://suspilne.media/283745-coloviki-v-akih-zavilasa-treta-ditina-zmozut-demobilizuvatisa-novij-zakon/,200,missing body or title,wayback_cdx
suspilne,https://suspilne.media/284882-volonterki-v-lucku-vigotovili-ponad-tisacu-par-takticnih-rukavic-dla-vijskovih/,200,missing body or title,wayback_cdx
suspilne,https://suspilne.media/285858-u-valkah-na-harkivsini-na-koronavirus-zahvorila-dvomisacna-ditina/,200,missing body or title,wayback_cdx
suspilne,https://suspilne.media/286310-uaviti-ne-mozu-so-mi-z-lasickene-stribaemo-razom-aroslava-magucih-pro-vistupi-pid-cas-vijni-i-vidstoronenna-rosian/,200,missing body or title,wayback_cdx
suspilne,https://suspilne.media/286589-zareestruvali-tri-sotni-ludej-za-dva-dni-u-dnipri-zapracuvav-centr-pidtrimki-dla-pereselenciv-z-kramatorskogo-rajonu/,200,missing body or title,wayback_cdx
suspilne,https://suspilne.media/289358-ssa-nadadut-ukraini-55-miljoniv-dla-pidgotovki-do-zimi/,200,missing body or title,wayback_cdx
suspilne,https://suspilne.media/292652-u-dnipri-vikrili-jmovirnogo-koriguvalnika-raketnih-udariv/,200,missing body or title,wayback_cdx
suspilne,https://suspilne.media/297746-akso-ludina-pogoditsa-na-umovi-robotodavca-ci-skladno-pereselencam-znahoditi-robotu-v-krivomu-rozi/,200,missing body or title,wayback_cdx
suspilne,https://suspilne.media/298928-u-zitomiri-do-kinca-tizna-planuut-ne-vipuskati-elektrotransport-na-linii/,200,missing body or title,wayback_cdx
suspilne,https://suspilne.media/305938-cim-zajmautsa-ukrainci-koli-nemae-svitla-opituvanna-suspilnogo/,403,,wayback_cdx
suspilne,https://suspilne.media/306134-odeskij-sportsmen-stav-sribnim-prizerom-turniru-z-plaznogo-volejbolu/,200,missing body or title,wayback_cdx
suspilne,https://suspilne.media/319830-zaginuv-vnaslidok-aviaudaru-u-semenivci-poprosalisa-z-bijcem-akij-zaginuv-u-bahmuti/,403,,wayback_cdx
suspilne,https://suspilne.media/322126-vidklucenna-svitla-22-listopada-na-doneccini-akij-grafik-die/,200,missing body or title,wayback_cdx
suspilne,https://suspilne.media/323806-zaporizkij-hudoznik-rozpoviv-pro-stvorenna-ilustracij-dla-marki-prisvacenoi-zvilnennu-hersona/,200,missing body or title,wayback_cdx
suspilne,https://suspilne.media/327034-de-v-cerniveckij-oblasti-otrimati-medicnu-dopomogu-akso-ne-bude-svitla-i-zvazku-perelik/,403,,wayback_cdx
suspilne,https://suspilne.media/32812-ternopilsina-turisticna-dolucaetsa-do-proektu-vid-visit-ukraine/,200,missing body or title,wayback_cdx
suspilne,https://suspilne.media/33186-u-poltavi-poprosautsa-iz-vijskovou-olgou-nikisinou/,404,,wayback_cdx
suspilne,https://suspilne.media/333244-ssa-stezat-za-vikoristannam-boepripasiv-rosieu-milli/,200,missing body or title,wayback_cdx
suspilne,https://suspilne.media/343304-v-odeskij-oblasti-zatverdili-programu-rozvitku-ukrainskoi-movi-so-vona-peredbacae/,200,missing body or title,wayback_cdx
suspilne,https://suspilne.media/345934-comu-diti-proguluut-skolu-i-ak-ce-vipraviti-poasnue-psihologina-z-rivnogo/,403,,wayback_cdx
suspilne,https://suspilne.media/346192-na-vijni-zaginuv-rozrobnik-gri-stalker-volodimir-ezov/,403,,wayback_cdx
suspilne,https://suspilne.media/347844-iranski-grosmejsterki-sara-hadem-ta-atusa-purkasian-vistupili-na-cempionati-svitu-2022-zi-svidkih-sahiv-bez-hidzabu/,200,missing body or title,wayback_cdx
suspilne,https://suspilne.media/349002-najaskravisi-sportivni-foto-2022-roku-pidtrimka-ukraini-slozi-ronaldu-ta-federera-radist-vid-peremog/,200,missing body or title,wayback_cdx
suspilne,https://suspilne.media/349356-papa-rimskij-otrimav-kartinu-pro-peremogu-ukraini-vid-10-ricnogo-hudoznika-z-berdanska/,200,missing body or title,wayback_cdx
suspilne,https://suspilne.media/351210-kramatorsk-pid-udarom-rosijska-armia-obstrilala-misto/,200,missing body or title,wayback_cdx
suspilne,https://suspilne.media/359700-na-rivnensini-na-habari-vikrili-patrulnogo-u-prokuraturi-rozpovili-obstavini-spravi/,200,missing body or title,wayback_cdx
suspilne,https://suspilne.media/359898-borec-z-harkova-zminiv-gromadanstvo-ta-perejsov-do-zbirnoi-bolgarii/,200,missing body or title,wayback_cdx
suspilne,https://suspilne.media/360492-situacia-viducora-ne-zminilasa-cerevatij-rozpoviv-pro-vijskovi-dii-u-soledari/,403,,wayback_cdx
suspilne,https://suspilne.media/362608-i-v-ukraini-tvoe-oblicca-na-dnipropetrovsini-prezentuvali-knigu-do-250-ricca-petrikivki/,200,missing body or title,wayback_cdx
suspilne,https://suspilne.media/362988-na-odesini-zatrimali-agenta-rf-akij-dopomagav-gotuvati-raketnij-udar-po-energoobektah-ta-rickovomu-portu-sbu/,200,missing body or title,wayback_cdx
suspilne,https://suspilne.media/367512-hmelniccina-slavutska-miska-likarna-otrimala-vid-vooz-portativni-aparati-svl/,200,missing body or title,wayback_cdx
suspilne,https://suspilne.media/367720-dopomoga-z-robotou-viplatami-ta-konsultacii-psihologiv-mozlivosti-dla-pereselenciv-u-dnipri/,200,missing body or title,wayback_cdx
suspilne,https://suspilne.media/368234-dopomagali-ditam-u-brovarah-pisla-aviakatastrofi-u-dsns-nagorodili-starsoklasnikiv/,200,missing body or title,wayback_cdx
suspilne,https://suspilne.media/368738-rosia-zdijsnila-15-obstriliv-z-rszv-e-zagibli-civilni-genstab/,200,missing body or title,wayback_cdx
suspilne,https://suspilne.media/368856-340-den-vijni-hronika-podij-v-hersonskij-oblasti/,200,missing body or title,wayback_cdx
suspilne,https://suspilne.media/369424-u-lvivskomu-ohmatditi-zapracuvav-centr-vihodzuvanna-novonarodzenih-ta-nedonosenih-ditej/,200,missing body or title,wayback_cdx
suspilne,https://suspilne.media/369544-mi-na-mezi-epidemicnogo-pidjomu-akij-stan-zahvoruvanosti-na-grvi-na-poltavsini/,200,missing body or title,wayback_cdx
suspilne,https://suspilne.media/372572-planuut-vidkriti-se-desat-u-krivorizkomu-rajoni-dnipropetrovsini-pracuut-ponad-50-punktiv-nezlamnosti/,200,missing body or title,wayback_cdx
suspilne,https://suspilne.media/373826-u-cornomu-mori-pobilsalo-raket-aki-rosiani-trimaut-napogotovi-do-udaru/,200,missing body or title,wayback_cdx
suspilne,https://suspilne.media/374177-na-konu-nase-spilne-majbutne-sarl-misel-pro-ukrainu-v-es-konstitucijnij-sud-i-poizdku-na-donbas/,403,,wayback_cdx
suspilne,https://suspilne.media/380723-okupanti-obstrilali-sonajmense-visim-naselenih-punktiv-harkivsini-dani-genstabu/,200,missing body or title,wayback_cdx
suspilne,https://suspilne.media/383969-sprava-psevdovolontera-z-kalusa-vitalia-hemica-sud-dopitav-brata-obvinuvacenogo/,200,missing body or title,wayback_cdx
suspilne,https://suspilne.media/387215-na-vijni-zaginuv-pensioner-policii-anatolij-rudik/,403,,wayback_cdx
suspilne,https://suspilne.media/388295-zrujnovana-doneccina-vtrati-za-rik-vijni-v-cifrah/,200,missing body or title,wayback_cdx
suspilne,https://suspilne.media/389873-odna-ludina-zaginula-dvoe-poranenih-vnaslidok-rosijskogo-obstrilu-harkivsini-18-lutogo/,200,missing body or title,wayback_cdx
suspilne,https://suspilne.media/393377-mi-ne-zgasnemo-alisi-kovalenko-govorimo-pro-svitlo-i-temravu-berlinale-ta-vijnu-aku-mi-ne-bacimo-v-kino/,200,missing body or title,wayback_cdx
suspilne,https://suspilne.media/393899-sprava-truhina-nardep-viznav-so-proponuvav-habar-i-sklade-mandat/,200,missing body or title,wayback_cdx
suspilne,https://suspilne.media/396059-u-vidni-drugij-den-protestuut-proti-ucasti-rf-u-zasidanni-parlamentskoi-asamblei-obse/,200,missing body or title,wayback_cdx
suspilne,https://suspilne.media/396257-na-vijni-zaginuv-zakarpatec-andrij-prunica/,403,,wayback_cdx
suspilne,https://suspilne.media/396677-armia-rf-za-dobu-zavdala-83-udari-po-hersonsini/,200,missing body or title,wayback_cdx
suspilne,https://suspilne.media/397094-francia-pidtrimue-ukrainu-ziteli-mikolaivsini-dolucilisa-do-akcii-u-misti-mec/,200,missing body or title,wayback_cdx
suspilne,https://suspilne.media/398561-u-hmelnickomu-vidkrili-centr-psihologicnoi-pidtrimki-hto-moze-skoristatis/,200,missing body or title,wayback_cdx
suspilne,https://suspilne.media/398846-but-voroga-snaradami-za-cernigiv-reportaz-z-pozicij-artileristiv-1-tankovoi-brigadi/,200,missing body or title,wayback_cdx
suspilne,https://suspilne.media/399824-masove-zibranna-pidlitkiv-bila-tc-u-lucku-so-pro-ce-kazut-v-policii/,200,missing body or title,wayback_cdx
suspilne,https://suspilne.media/400208-nevelikij-moroz-vnoci-ta-vidliga-vden-prognoz-pogodi-na-sumsini-u-persi-dni-vesni/,200,missing body or title,wayback_cdx
suspilne,https://suspilne.media/401216-posol-ukraini-v-livani-prezentuvav-u-zvageli-dvotomnik-perekladiv-arabskou-movou-prozovih-tvoriv-lesi-ukrainki/,200,missing body or title,wayback_cdx
suspilne,https://suspilne.media/405035-sumskij-student-oleksij-boldirev-viborov-kubok-evropi-sered-unioriv-z-dzudo/,200,missing body or title,wayback_cdx
suspilne,https://suspilne.media/405821-korotkometrazna-animacijna-stricka-z-ukraini-potrapila-do-vidboru-miznarodnogo-kinofestivalu-v-klivlendi/,200,missing body or title,wayback_cdx
suspilne,https://suspilne.media/407427-iz-polonu-povernuvsa-boec-iz-ternopilsini/,200,missing body or title,wayback_cdx
suspilne,https://suspilne.media/408012-bez-sevcenkivskoi-premii-tvori-aki-ne-otrimali-nagorodu-ale-varti-uvagi/,200,missing body or title,wayback_cdx
suspilne,https://suspilne.media/409296-u-dnipri-do-dna-narodzenna-tarasa-sevcenka-jogo-pamatnik-prikrasili-praporom/,200,missing body or title,wayback_cdx
suspilne,https://suspilne.media/410925-na-ivano-frankivsini-u-dvoh-dtp-travmuvalisa-cetvero-ludej/,200,missing body or title,wayback_cdx
suspilne,https://suspilne.media/411285-zinka-z-ternopilsini-vidznacila-storicnij-uvilej/,200,missing body or title,wayback_cdx
suspilne,https://suspilne.media/411522-v-irani-zatrimali-sotnu-ludej-u-spravi-pro-otruenna-skolarok/,200,missing body or title,wayback_cdx
suspilne,https://suspilne.media/413658-ni-pro-so-ne-skoduu-istoria-poltavskogo-dobrovolca-tarasa-leluha-akij-oboronae-ukrainu/,200,missing body or title,wayback_cdx
suspilne,https://suspilne.media/413925-vijsla-na-pensiu-i-stala-fotomodellu-istoria-64-ricnoi-lvivanki/,200,missing body or title,wayback_cdx
suspilne,https://suspilne.media/415026-bez-lazeriv-droniv-ta-fotoaparativ-lise-informacia-vid-ludej-ak-robili-3d-model-mariupolskogo-dramteatru/,200,missing body or title,wayback_cdx
suspilne,https://suspilne.media/417054-banki-otrimali-rekordnij-pributok-za-cas-povnomasstabnoi-vijni-opendatabot/,200,missing body or title,wayback_cdx
suspilne,https://suspilne.media/418380-prikarpatski-ratuvalniki-dopomogli-spustitisa-z-goverli-turistu-z-hmelniccini/,200,missing body or title,wayback_cdx
suspilne,https://suspilne.media/419640-vigorilo-tri-gektari-pola-u-seli-kolicivka-so-bila-cernigova-spalahnula-pozeza-cerez-neoberezne-povodzenna-z-vognem/,200,missing body or title,wayback_cdx
suspilne,https://suspilne.media/419844-mislitel-u-borodanci-vazliva-artinstalacia-ci-mistectvo-zaradi-mistectva/,200,missing body or title,wayback_cdx
suspilne,https://suspilne.media/421008-na-doneccini-zaginuv-vijskovij-z-pokrovskogo-rajonu-volodimir-tkacenko/,200,missing body or title,wayback_cdx
suspilne,https://suspilne.media/421503-koriguvav-raketnij-udar-po-skoli-v-kramatorsku-sbu-zatrimala-miscevogo-pracivnika-zavodu/,200,missing body or title,wayback_cdx
suspilne,https://suspilne.media/421920-sotna-volinan-vidvidali-bezplatni-kursi-samozahistu-dla-civilnogo-naselenna/,200,missing body or title,wayback_cdx
suspilne,https://suspilne.media/421983-vstanovleno-osobu-vijskovogo-rf-akij-rozstrilav-volontera-pid-cas-okupacii-kiivsini/,200,missing body or title,wayback_cdx
suspilne,https://suspilne.media/422160-pidnav-dah-ta-rozsiriv-plosu-u-cernivcah-v-avarijnomu-budinku-rozpocali-samovilne-budivnictvo/,200,missing body or title,wayback_cdx
suspilne,https://suspilne.media/422925-komandir-lvivskogo-universitetu-vnutrisnih-sprav-prokomentuvav-zagibel-kursanta-z-rivnensini/,403,,wayback_cdx
suspilne,https://suspilne.media/423351-benefis-senior-na-miljon-vidbudetsa-u-hmelnickomu/,200,missing body or title,wayback_cdx
suspilne,https://suspilne.media/424971-zakarpatca-zasudili-do-cotiroh-rokiv-uvaznenna-za-nezakonne-perepravlenna-colovikiv-cerez-kordon/,200,missing body or title,wayback_cdx
suspilne,https://suspilne.media/425808-u-visokogiri-ivano-frankivsini-znacna-snigolavinna-nebezpeka-turistam-radat-utrimatisa-vid-pohodiv/,200,missing body or title,wayback_cdx
suspilne,https://suspilne.media/426615-na-volini-zatrimali-dvoh-colovikiv-aki-cerez-lis-namagalisa-potrapiti-u-polsu/,200,missing body or title,wayback_cdx
suspilne,https://suspilne.media/426960-na-obiznij-lvova-u-vantazivki-vidletilo-koleso-ta-vlucilo-u-mikroavtobus-ta-furu/,200,missing body or title,wayback_cdx
suspilne,https://suspilne.media/427602-harkivanin-organizuvav-futbolnij-matc-u-nimeccini-na-pidtrimku-ukrainskih-vijskovih/,200,missing body or title,wayback_cdx
suspilne,https://suspilne.media/428196-minna-nebezpeka-kudi-ne-varto-hoditi-u-harkovi/,200,missing body or title,wayback_cdx
suspilne,https://suspilne.media/429021-vilucili-narkotikiv-na-ponad-7-mln-grn-na-dnipropetrovsini-zatrimali-12-ucasnikiv-organizovanogo-ugrupovanna/,200,missing body or title,wayback_cdx
suspilne,https://suspilne.media/429681-sumskogo-biatlonista-mikolu-grusaka-nagorodili-premieu-za-medali-sezonu/,200,missing body or title,wayback_cdx
suspilne,https://suspilne.media/429756-na-sud-sodo-zorstokogo-povodzenna-z-tvarinou-ne-pustili-suspilne/,200,missing body or title,wayback_cdx
suspilne,https://suspilne.media/430113-serdecno-vitatimemo-ministr-sportu-polsi-nazvav-umovu-dla-dopusku-rosian-do-miscevih-zmagan/,200,missing body or title,wayback_cdx
suspilne,https://suspilne.media/430458-visim-vbitih-sestero-poranenih-vijskovih-rf-prikordonniki-rozpovili-pro-boi-u-bahmuti/,200,missing body or title,wayback_cdx
suspilne,https://suspilne.media/431805-nagorodili-persih-laureativ-na-ternopilsini-zasnuvali-novu-vidznaku/,200,missing body or title,wayback_cdx
suspilne,https://suspilne.media/432105-ruslan-malinovskij-zigrav-tretij-pospil-matc-u-starti-marsela-v-cempionati-francii/,200,missing body or title,wayback_cdx
suspilne,https://suspilne.media/432825-2000-dolariv-za-peretin-kordonu-na-odesini-vikrili-shemu-perepravlenna-colovikiv-prizovnogo-viku-dpsu/,200,missing body or title,wayback_cdx
suspilne,https://suspilne.media/433137-u-kamanskomu-na-dnipropetrovsini-vidkrili-hab-dla-rodin-zagiblih-ukrainskih-vijskovih/,200,missing body or title,wayback_cdx
suspilne,https://suspilne.media/433194-cempionat-ukraini-z-radiopelengacii-rezultati-sportsmeniv-iz-sum/,200,missing body or title,wayback_cdx
suspilne,https://suspilne.media/433668-so-vidomo-pro-pidriv-na-mini-colovika-v-dovgalivci-ta-aka-situacia-z-rozminuvannam-u-savinskij-gromadi/,200,missing body or title,wayback_cdx
suspilne,https://suspilne.media/433740-mikolaivski-futbolisti-stali-volodarami-kubka-nezlamnosti/,200,missing body or title,wayback_cdx
suspilne,https://suspilne.media/435186-na-hmelniccini-u-2022-roci-pritagnuli-do-vidpovidalnosti-93-vodiiv-vtikaciv-z-misc-dtp/,200,missing body or title,wayback_cdx
suspilne,https://suspilne.media/436242-prosat-timcasovo-povernutisa-do-cornomora-volonteri-aki-pletut-maskuvalni-sitki-vkotre-vijsli-na-miting/,200,missing body or title,wayback_cdx
suspilne,https://suspilne.media/436422-u-beregovi-na-zakarpatti-tri-vulici-perejmenuvali-na-cest-ukrainskih-vijskovih/,200,missing body or title,wayback_cdx
suspilne,https://suspilne.media/436539-parkovki-u-dnipri-znovu-zrobili-platnimi-mapa-tarifiv-ta-dumki-mistan/,200,missing body or title,wayback_cdx
suspilne,https://suspilne.media/436725-mi-prijsli-z-mirom-u-dnipri-vidkrilasa-vistavka-11-ricnogo-hudoznika-z-autizmom/,200,missing body or title,wayback_cdx
suspilne,https://suspilne.media/436779-skandal-u-lavri-ta-rol-cerkvi-pid-cas-vijni-intervu-z-protoiereem-pcu-teodorom-orobcem/,200,missing body or title,wayback_cdx
suspilne,https://suspilne.media/437277-tizden-roboti-z-e-receptami-u-hmelnickomu-so-zminilosa/,200,missing body or title,wayback_cdx
suspilne,https://suspilne.media/437598-na-dnipropetrovsini-vikrili-nelegalnij-gralnij-zal/,200,missing body or title,wayback_cdx
suspilne,https://suspilne.media/437916-5-golovnih-novin-6-kvitna/,200,missing body or title,wayback_cdx
suspilne,https://suspilne.media/438339-koli-zaversat-obednanna-dvoh-parkiv-u-cernivcah-ta-so-zminitsa-v-roboti-intervu-z-kerivniceu-sumilovou-lisakovou/,200,missing body or title,wayback_cdx
suspilne,https://suspilne.media/438729-urodzenec-rf-organizuvav-u-kievi-narkotrafik-vilucili-tovar-na-4-mln-grn/,200,missing body or title,wayback_cdx
suspilne,https://suspilne.media/439593-zaginuli-zahisauci-ukrainu-na-cernigivsini-poprosalisa-z-patma-voinami/,403,,wayback_cdx
suspilne,https://suspilne.media/440415-rosijski-vijska-14-raziv-z-gradiv-vdarili-po-selu-milove-na-hersonsini/,403,,wayback_cdx
suspilne,https://suspilne.media/441603-z-rosijskogo-polonu-zvilnili-matir-6-ricnogo-egora-akij-prosiv-putina-povernuti-ii/,200,missing body or title,wayback_cdx
suspilne,https://suspilne.media/442902-za-horosij-rezultat-premia-ak-u-rivnomu-motivuvatimut-pedagogiv-na-konkurs-vcitel-roku/,200,missing body or title,wayback_cdx
suspilne,https://suspilne.media/443322-u-kramatorsku-prezentuvali-proekt-1000-droniv-dla-ukraini/,200,missing body or title,wayback_cdx
suspilne,https://suspilne.media/444528-u-krivomu-rozi-pracue-centr-pidtrimki-dla-pereselenciv-z-bahmuta/,200,missing body or title,wayback_cdx
suspilne,https://suspilne.media/446835-otrimav-nesumisni-z-zittam-poranenna-na-vijni-z-rosieu-zaginuv-zahisnik-z-cerkasini/,403,,wayback_cdx
suspilne,https://suspilne.media/446970-na-hersonsini-rosijski-vijskovi-obstrilali-sadove-ta-zelenivku-poranena-zinka/,200,missing body or title,wayback_cdx
suspilne,https://suspilne.media/448716-vdalis-do-vteci-sirskij-rozkazav-pro-ataku-rf-na-kupanskomu-napramku/,200,missing body or title,wayback_cdx
suspilne,https://suspilne.media/449925-z-39-poskodzenih-obektiv-u-medzakladah-sumsini-povnistu-vidnovleno-10-olena-bojko/,200,missing body or title,wayback_cdx
suspilne,https://suspilne.media/450141-rosijskij-futbolnij-souz-vidmovivsa-vid-ucasti-u-cempionati-futbolnoi-asociacii-centralnoi-azii-u-comu-pricina/,200,missing body or title,wayback_cdx
suspilne,https://suspilne.media/450561-umovi-prozivanna-reportaz-iz-lvivskogo-geriatricnogo-pansionatu/,200,missing body or title,wayback_cdx
suspilne,https://suspilne.media/450777-u-skadovsku-vijskovi-rf-zmusuut-ludej-aki-z-nimi-spivpracuut-pidpisati-zobovazanna-sodo-zaboroni-viizdu/,200,missing body or title,wayback_cdx
suspilne,https://suspilne.media/451407-u-tisnavi-v-stolici-emenu-zaginulo-sonajmense-78-ludej/,200,missing body or title,wayback_cdx
suspilne,https://suspilne.media/452031-na-doneccini-56-ditej-zalisautsa-u-frontovih-naselenih-punktah-veresuk/,200,missing body or title,wayback_cdx
suspilne,https://suspilne.media/452193-ukrainski-vijskovi-u-bahmuti-visadili-novij-lis/,200,missing body or title,wayback_cdx
suspilne,https://suspilne.media/452349-mav-zabezpeciti-elektroenergieu-vijskovih-rf-zitela-snigurivki-so-na-mikolaivsini-pidozruut-u-posobnictvi/,200,missing body or title,wayback_cdx
suspilne,https://suspilne.media/454326-zbirali-grosi-na-10-terminaliv-starlink-dla-zsu-gurt-epolets-vidigrav-blagodijnij-koncert-u-frankivsku/,200,missing body or title,wayback_cdx
suspilne,https://suspilne.media/455238-sahtar-pidpisav-persogo-u-svoij-istorii-futbolista-z-ekvadoru-hto-vin-takij/,200,missing body or title,wayback_cdx
suspilne,https://suspilne.media/456042-na-odesini-zavilis-vulici-banderi-ta-geroiv-upa/,200,missing body or title,wayback_cdx
suspilne,https://suspilne.media/456618-gumanitarna-dopomoga-dla-medzakladiv-poltavi-na-50-tisac-evro-hto-otrimae/,200,missing body or title,wayback_cdx
suspilne,https://suspilne.media/456705-francuzkij-hudoznik-kristian-gemi-stvoriv-novi-grafiti-u-kievi-ta-oblasti/,200,missing body or title,wayback_cdx
suspilne,https://suspilne.media/458538-u-dergacah-poprosalisa-iz-47-ricnim-bijcem-127-brigadi-teroboroni-akij-zaginuv-poblizu-bahmuta/,403,,wayback_cdx
suspilne,https://suspilne.media/459410-na-doneccini-pocnut-provoditi-operacii-na-serci/,200,missing body or title,wayback_cdx
suspilne,https://suspilne.media/459458-z-cervna-na-deakih-avtobusnih-marsrutah-cernivciv-ne-bude-obmezen-kilkosti-pilgovikiv-kogo-ce-stosuetsa/,200,missing body or title,wayback_cdx
suspilne,https://suspilne.media/460637-u-bou-zaginuli-troe-teroboronivciv-z-harkivsini/,200,missing body or title,wayback_cdx
suspilne,https://suspilne.media/461279-buduut-linii-oboroni-ta-fortifikacijni-sporudi-na-svativskomu-napramku-rosijski-vijska-zminili-taktiku/,200,missing body or title,wayback_cdx
suspilne,https://suspilne.media/461603-problemi-z-tiskom-na-livomu-berezi-kieva-poskodzena-nasosna-stancia/,200,missing body or title,wayback_cdx
suspilne,https://suspilne.media/461645-1-travna-na-ponad-20-vulicah-cernivciv-do-vecora-ne-bude-vodi-perelik-adres/,200,missing body or title,wayback_cdx
suspilne,https://suspilne.media/461837-konkurs-atomna-energetika-i-mi-startue-na-hmelnickij-aes/,200,missing body or title,wayback_cdx
suspilne,https://suspilne.media/46225-cerez-lisovu-pozezu-na-lugansini-evakuuut-ludej/,200,missing body or title,wayback_cdx
suspilne,https://suspilne.media/462470-perejmenuvanna-rajoniv-odesi-zitelam-zaproponuut-novi-nazvi/,200,missing body or title,wayback_cdx
suspilne,https://suspilne.media/462515-1165-tisac-grn-na-potrebi-128-i-girsko-sturmovoi-brigadi-zibrali-na-blagodijnomu-zabigu-v-uzgorodi/,200,missing body or title,wayback_cdx
suspilne,https://suspilne.media/463241-mariupolskij-derzavnij-universitet-gotuetsa-do-navcanna-oflajn-remontuut-gurtozitok-u-kievi/,200,missing body or title,wayback_cdx
suspilne,https://suspilne.media/463391-na-odesini-poprosalis-iz-vijskovim-akij-zaginuv-na-hersonsini/,403,,wayback_cdx
suspilne,https://suspilne.media/463439-na-plosi-ukrainskih-geroiv-u-kievi-priberut-konstrukciu-iz-futbolnim-macem/,200,missing body or title,wayback_cdx
suspilne,https://suspilne.media/464132-svoe-zitta-prisvativ-sluzinnu-pomer-cerkaskij-kapelan-andrij-suvorov/,200,missing body or title,wayback_cdx
suspilne,https://suspilne.media/464180-na-ternopilsini-za-dobu-vid-koronavirusu-pomerli-dvoe-ludej/,200,missing body or title,wayback_cdx
suspilne,https://suspilne.media/464366-u-sencanskij-gromadi-na-poltavsini-hocut-kupiti-kvadrokopteri-dla-bijciv/,200,missing body or title,wayback_cdx
suspilne,https://suspilne.media/464591-duze-velike-skupcenna-rosijskih-vijsk-ak-pracuut-gvardijci-rozvidniki-na-kreminskomu-napramku-lugansini/,200,missing body or title,wayback_cdx
suspilne,https://suspilne.media/464948-konflikt-cerez-futbolnij-mac-so-vidomo-pro-situaciu-miz-vcitelkou-ta-ucnem-u-skoli-na-lvivsini/,403,,wayback_cdx
suspilne,https://suspilne.media/465299-na-rivnensini-priznacili-premii-dla-semi-molodih-ucenih-za-so-i-skilki-otrimaut/,200,missing body or title,wayback_cdx
suspilne,https://suspilne.media/465392-ak-bijci-cuguivskogo-bataljonu-teroboroni-zahisaut-prikordonna-harkivsini-reportaz-z-pozicij/,200,missing body or title,wayback_cdx
suspilne,https://suspilne.media/465533-rosijski-vijskovi-obstrilali-novoslobidsku-gromadu-na-sumsini-odna-ludina-poranena/,200,missing body or title,wayback_cdx
suspilne,https://suspilne.media/465635-u-resetilivci-na-poltavsini-vstanovili-stendi-z-portretami-zagiblih-vijskovih/,200,missing body or title,wayback_cdx
suspilne,https://suspilne.media/465737-zagroza-dla-kartopli-ta-polunici-na-cerkasini-prognozuut-zamorozki/,200,missing body or title,wayback_cdx
suspilne,https://suspilne.media/466211-posiruvav-informaciu-pro-zsu-zitela-bahmuta-zasudili-do-semi-rokiv-za-gratami/,200,missing body or title,wayback_cdx
suspilne,https://suspilne.media/466568-biv-sokirou-na-bilopilsini-56-ricnogo-colovika-zatrimali-za-pidozrou-u-vbivstvi-znajomogo/,200,missing body or title,wayback_cdx
suspilne,https://suspilne.media/467231-ak-u-krasnogradi-na-harkivsini-vihovuut-futbolistiv-cempioniv/,200,missing body or title,wayback_cdx
suspilne,https://suspilne.media/467501-minliva-hmarnist-bez-opadiv-akou-vihidnimi-bude-pogoda-na-kirovogradsini/,403,,wayback_cdx
suspilne,https://suspilne.media/467636-use-v-nas-nalagoditsa-vse-mi-zrobimo-intervu-z-selisnim-golovou-malinivskoi-silskoi-gromadi-na-zaporizzi/,200,missing body or title,wayback_cdx
suspilne,https://suspilne.media/468119-zelenskij-nagorodiv-10-girsko-sturmovu-brigadu-edelvejs-vidznakou-za-muznist-ta-vidvagu/,200,missing body or title,wayback_cdx
suspilne,https://suspilne.media/468356-pid-bahmutom-zaginuv-strilec-z-ivano-frankivsini-vitalij-voronka/,403,,wayback_cdx
suspilne,https://suspilne.media/468872-rosiani-zranku-8-travna-obstrilali-cotiri-sela-v-prikordonni-cernigivsini/,403,,wayback_cdx
suspilne,https://suspilne.media/469061-persa-hvilina-miru-u-cerkasah-vidznacili-den-pamati-ta-primirenna/,200,missing body or title,wayback_cdx
suspilne,https://suspilne.media/469541-ponad-30-tisac-griven-na-pidtrimku-zahisnikiv-zibrali-na-cempionati-zi-sportivnoi-ribolovli-na-vinniccini/,200,missing body or title,wayback_cdx
suspilne,https://suspilne.media/469964-sluhali-v-avto-lepsa-so-vidomo-pro-konflikt-u-centri-lvova/,200,missing body or title,wayback_cdx
suspilne,https://suspilne.media/470006-u-patihatskij-gromadi-dnipropetrovsini-zafiksuvali-vipadok-skazu-u-sobaki/,200,missing body or title,wayback_cdx
suspilne,https://suspilne.media/470720-rozmalovue-tubusi-dla-porohu-ta-donatit-na-zsu-istoria-vcitelki-z-hresenivki-hersonskoi-oblasti/,200,missing body or title,wayback_cdx
suspilne,https://suspilne.media/471044-rosijski-vijskovi-vdarili-po-nikopolskomu-rajonu-dnipropetrovsini-vazkou-artilerieu-ta-dronami/,200,missing body or title,wayback_cdx
suspilne,https://suspilne.media/471179-sportsmenki-z-nikopola-na-dnipropetrovsini-stali-prizerkami-zmagan-z-hudoznoi-gimnastiki-u-evropi/,200,missing body or title,wayback_cdx
suspilne,https://suspilne.media/471674-sociologicne-opituvanna-viavilo-skilki-vidsotkiv-ukrainciv-prodovzuut-sluhati-rosijsku-muziku/,200,missing body or title,wayback_cdx
suspilne,https://suspilne.media/471761-zitel-lvivsini-vouvav-proti-ukraini-u-skladi-tak-zvanoi-dnr-sbu/,200,missing body or title,wayback_cdx
suspilne,https://suspilne.media/472591-rivnenski-skolari-otrimali-listi-pidtrimki-vid-nimeckih-odnolitkiv-teper-pisut-u-vidpovid/,200,missing body or title,wayback_cdx
suspilne,https://suspilne.media/472633-dvoh-bijciv-z-dnipropetrovsini-posmertno-nagorodili-ordenami-za-muznist/,200,missing body or title,wayback_cdx
suspilne,https://suspilne.media/473134-blagodijnij-fond-help-heroes-ukraine-priviz-do-deokupovanih-naselenih-punktiv-hersonsini-ditaci-igraski/,200,missing body or title,wayback_cdx
suspilne,https://suspilne.media/473428-zalisili-stikati-krovu-slidstvo-vstanovilo-dvoh-rosijskih-vijskovih-aki-katuvali-meskanca-kiivsini/,200,missing body or title,wayback_cdx
suspilne,https://suspilne.media/473602-na-bukovini-prosautsa-z-vijskovimi-bidinim-ta-korpanom-aki-zaginuli-na-vijni/,200,missing body or title,wayback_cdx
suspilne,https://suspilne.media/473647-prodavali-gumanitarnu-dopomogu-hmelnicki-pravoohoronci-vikrili-psevdovolonteriv/,200,missing body or title,wayback_cdx
suspilne,https://suspilne.media/473731-znajsli-u-vodojmi-u-zitomiri-vstanovluut-osobu-zagiblogo-colovika/,200,missing body or title,wayback_cdx
suspilne,https://suspilne.media/474001-zitela-kiivsini-pidozruut-u-vipravdovuvanni-zbrojnoi-agresii-rf/,200,missing body or title,wayback_cdx
suspilne,https://suspilne.media/476575-perevirimo-zemlu-ta-majno-u-gromadi-na-bukovini-deputati-progolosuvali-za-zaboronu-upc-mp/,200,missing body or title,wayback_cdx
suspilne,https://suspilne.media/476716-u-rivnomu-poprosalisa-z-golovnim-serzantom-igorem-rubcovim/,403,,wayback_cdx
suspilne,https://suspilne.media/477667-na-lvivsini-13-ucniv-zvernulisa-do-medikiv-cerez-rozpilenij-percevij-baloncik/,200,missing body or title,wayback_cdx
suspilne,https://suspilne.media/478123-lvivski-arhitektori-zdobuli-miznarodnu-vidznaku-za-oblastuvanna-prostoru-radiogaraz/,200,missing body or title,wayback_cdx
suspilne,https://suspilne.media/478660-v-ivano-frankivskij-gromadi-poprosautsa-z-poleglimi-bijcami-olegom-parkulabom-ta-vitaliem-mazurom/,403,,wayback_cdx
suspilne,https://suspilne.media/478849-10-turiv-ta-10-polskih-konikiv-na-cernigivsini-narodilisa-diki-tvarini-akih-vidrodili-100-rokiv-tomu/,200,missing body or title,wayback_cdx
suspilne,https://suspilne.media/479563-na-poltavsini-poprosautsa-iz-zagiblimi-voinami-artemom-kivou-ta-sergiem-zajcem/,403,,wayback_cdx
suspilne,https://suspilne.media/481501-borotba-za-mariupol-spogadi-ocevidciv/,200,missing body or title,wayback_cdx
suspilne,https://suspilne.media/481993-grozi-ta-nadzvicajna-pozezna-nebezpeka-prognoz-pogodi-na-sumsini/,200,missing body or title,wayback_cdx
suspilne,https://suspilne.media/482035-na-vinniccini-vidkrili-pamatnu-dosku-na-cest-zagiblogo-zahisnika-illi-negara/,200,missing body or title,wayback_cdx
suspilne,https://suspilne.media/482347-zora-pobila-klubnij-rekord-za-nabranimi-ockami-u-cempionati-ukraini-ak-ce-stalosa/,200,missing body or title,wayback_cdx
suspilne,https://suspilne.media/482980-453-den-povnomasstabnogo-vtorgnenna-rosii-v-ukrainu-tekstovij-onlajn/,200,missing body or title,wayback_cdx
suspilne,https://suspilne.media/483112-na-cerkasini-prognozuut-neznacne-poholodanna-ta-korotkocasni-dosi-z-grozami/,200,missing body or title,wayback_cdx
suspilne,https://suspilne.media/483157-u-evropi-projsli-odinicni-piketi-abi-privernuti-uvagu-do-znisenna-ostrova-dzarilgac/,200,missing body or title,wayback_cdx
suspilne,https://suspilne.media/483376-u-misti-na-ternopilsini-znimaut-starovinni-dveri-dla-restavracii/,200,missing body or title,wayback_cdx
suspilne,https://suspilne.media/486277-transportna-komisia-kiivradi-vidhilila-4-peticii-kian/,200,missing body or title,wayback_cdx
suspilne,https://suspilne.media/486367-vilovluvav-ribu-sitkami-54-ricnogo-zitela-krivorizkogo-rajonu-pidozruut-u-brakonerstvi/,200,missing body or title,wayback_cdx
suspilne,https://suspilne.media/486622-u-rogatini-na-ivano-frankivsini-avtomobil-naihav-na-velosipedista-colovika-gospitalizuvali/,200,missing body or title,wayback_cdx
suspilne,https://suspilne.media/486670-u-rozvidci-ssa-vvazaut-so-ukrainci-mozut-buti-pricetnimi-do-ataki-droniv-na-kreml-zmi/,200,missing body or title,wayback_cdx
suspilne,https://suspilne.media/487234-u-boah-pid-bahmutom-zaginuv-hersonec-stanislav-vasilev/,403,,wayback_cdx
suspilne,https://suspilne.media/488488-inkluzivna-vzaemodia-u-ternopoli-diti-dvoh-skil-vlastuvali-tvorcu-zustric/,200,missing body or title,wayback_cdx
suspilne,https://suspilne.media/488536-u-zitomirskomu-licei-no1-vidbulisa-zmaganna-z-cirlidingu/,200,missing body or title,wayback_cdx
suspilne,https://suspilne.media/488578-rosijska-vijska-obstrilali-nikopol-poskodzena-budivla-sportkompleksu/,200,missing body or title,wayback_cdx
suspilne,https://suspilne.media/489463-tut-e-zapah-vijni-ak-na-zaporizzi-pracue-stabilizacijnij-punkt-poruc-iz-frontom/,200,missing body or title,wayback_cdx
suspilne,https://suspilne.media/49015-u-hersoni-policia-zatrimala-colovika-akij-pidstreliv-17-ricnogo-hlopca/,200,missing body or title,wayback_cdx
suspilne,https://suspilne.media/490369-z-pocatku-2023-roku-na-ivano-frankivsini-viavili-14-vipadkiv-hvorobi-lajma-dva-z-nih-u-ditej/,200,missing body or title,wayback_cdx
suspilne,https://suspilne.media/491158-na-lvivsini-vprodovz-29-travna-zagasili-sist-pozez-suhoi-travi/,200,missing body or title,wayback_cdx
suspilne,https://suspilne.media/491584-mihajlo-mudrik-uvijsov-do-trijki-najsvidsih-gravciv-apl-u-sezoni-202223/,200,missing body or title,wayback_cdx
suspilne,https://suspilne.media/491626-akso-ti-artist-bud-laska-id-do-vsih-i-spivaj-vsim-zasluzena-artistka-ukraini-anastasia-prihodko/,200,missing body or title,wayback_cdx
suspilne,https://suspilne.media/493045-sosura-ticina-bazan-i-drac-u-ssa-opublikuvali-zbirku-virsiv-ukrainskih-poetiv-pro-podii-u-babinomu-aru/,200,missing body or title,wayback_cdx
suspilne,https://suspilne.media/494215-u-spravi-psevdovolontera-z-kalusa-vitalia-hemica-sud-dopitav-se-dvoh-poterpilih/,200,missing body or title,wayback_cdx
suspilne,https://suspilne.media/495493-pidozra-u-prodazi-metadonu-ta-nezakonnomu-zberiganni-boepripasiv-na-mikolaivsini-pravoohoronci-zatrimala-zinku/,200,missing body or title,wayback_cdx
suspilne,https://suspilne.media/496744-u-reanimacii-perebuvae-troe-ditej-poranenih-cerez-raketnij-udar-po-peredmistu-dnipra-akij-stan/,200,missing body or title,wayback_cdx
suspilne,https://suspilne.media/497236-litna-pogoda-bez-opadiv-na-mikolaivsini-protagom-tizna-ocikuetsa-do-30-gradusiv-tepla/,200,missing body or title,wayback_cdx
suspilne,https://suspilne.media/497419-sportsmen-z-nikopola-posiv-druge-misce-na-miznarodnomu-turniri-z-boca/,200,missing body or title,wayback_cdx
suspilne,https://suspilne.media/497599-majze-1200-simej-z-cernigivsini-maut-pravo-otrimati-14-tisac-griven-na-ozdorovlenna-ditej/,200,missing body or title,wayback_cdx
suspilne,https://suspilne.media/497686-u-poltavskij-gromadi-vulicne-osvitlenna-vmikaut-za-novim-grafikom/,200,missing body or title,wayback_cdx
suspilne,https://suspilne.media/497956-zurivsa-cerez-zagibel-rosijskogo-generala-5-rokiv-uvaznenna-otrimav-sanuvalnik-russkogo-mira-z-doneccini/,200,missing body or title,wayback_cdx
suspilne,https://suspilne.media/499276-kitaj-i-rosia-rozpocali-spilne-povitrane-patruluvanna/,200,missing body or title,wayback_cdx
suspilne,https://suspilne.media/499315-armia-rf-zavdala-70-udariv-po-hersonskij-oblasti-odna-ludina-zaginula-odna-poranena/,200,missing body or title,wayback_cdx
suspilne,https://suspilne.media/499540-francia-gotova-nadati-ukraini-dopomogu-dla-reaguvanna-na-naslidki-spricineni-pidrivom-kahovskoi-ges/,200,missing body or title,wayback_cdx
suspilne,https://suspilne.media/499630-avaria-na-merezi-aki-vulici-mikolaeva-zalisilisa-bez-vodopostacanna/,200,missing body or title,wayback_cdx
suspilne,https://suspilne.media/499948-mikolaiv-ta-osadbank-obednaut-zusilla-dla-rozvitku-biznesu-pidpisano-memorandum-pro-spivpracu/,200,missing body or title,wayback_cdx
suspilne,https://suspilne.media/500323-u-kievi-na-prospekti-bazana-remontuut-teplomerezi/,200,missing body or title,wayback_cdx
suspilne,https://suspilne.media/500476-dizajneri-pokazali-ak-moze-vigladati-zanedbanij-keson-na-oboloni/,200,missing body or title,wayback_cdx
suspilne,https://suspilne.media/501148-znizenna-temperaturi-dosi-i-grozi-z-gradom-u-vihidni-rivnensinou-projde-holodnij-front/,200,missing body or title,wayback_cdx
suspilne,https://suspilne.media/501373-cerkaska-zurnalistka-potrapila-pid-obstril-pid-cas-evakuacii-postrazdalih-vid-pidrivu-kahovskoi-ges/,200,missing body or title,wayback_cdx
suspilne,https://suspilne.media/5020-nastupnogo-roku-za-grosi-z-miskogo-budzetu-poltavi-profinansuut-universitet-tretogo-viku/,403,,wayback_cdx
suspilne,https://suspilne.media/502369-e-vse-neobhidne-sob-provoditi-ratuvalnu-operaciu-gumenuk-pro-obmezenna-vizdu-volonteriv-do-hersona/,200,missing body or title,wayback_cdx
suspilne,https://suspilne.media/503626-iga-svontek-vigrala-3-setovij-final-rolan-garros-ta-zahistila-zvanna-cempionki/,200,missing body or title,wayback_cdx
suspilne,https://suspilne.media/503863-zbiti-bezpilotniki-j-obstril-nikopolsini-ak-minula-nic-na-dnipropetrovsini/,200,missing body or title,wayback_cdx
suspilne,https://suspilne.media/503953-u-pidtolenih-selah-snigurivskoi-gromadi-so-na-mikolaivsini-riven-vodi-znizuetsa/,200,missing body or title,wayback_cdx
suspilne,https://suspilne.media/504823-nalakani-ta-u-vazkomu-stani-do-snovska-so-na-cernigivsini-privezli-10-kotiv-z-hersona/,200,missing body or title,wayback_cdx
suspilne,https://suspilne.media/505522-kanada-dopomagatime-ukrainskim-veteranam-z-ptsr/,200,missing body or title,wayback_cdx
suspilne,https://suspilne.media/506239-ponad-3-tis-vibuhonebezpecnih-predmetiv-ak-pracuut-vibuhotehniki-nacpolicii-sumsini-pisla-povnomasstabnogo-vtorgnenna/,200,missing body or title,wayback_cdx
suspilne,https://suspilne.media/506380-pidtopleni-300-budinkiv-devat-zrujnovani-ak-ziteli-komisan-dolaut-naslidki-pidrivu-kahovskoi-ges/,200,missing body or title,wayback_cdx
suspilne,https://suspilne.media/506914-rosiani-grabuut-ziteliv-zaporizza-ta-vivozat-nagrabovane-vantazivkami/,200,missing body or title,wayback_cdx
suspilne,https://suspilne.media/507481-naduvnij-coven-ta-prilad-nicnogo-bacenna-na-zakarpatti-zatrimali-pidozruvanogo-u-perepravlenni-colovikiv-cerez-kordon/,200,missing body or title,wayback_cdx
suspilne,https://suspilne.media/5077-decentralizacia-ci-zmicnenna-vertikali-analiz-zmin-do-konstitucii-vid-romana-bezsmertnogo/,200,missing body or title,wayback_cdx
suspilne,https://suspilne.media/508299-u-sumah-blagodijnij-fond-vidae-produktovi-nabori-pereselencam-ta-ludam-z-zoni-aktivnih-bojovih-dij/,200,missing body or title,wayback_cdx
suspilne,https://suspilne.media/508787-pidpriemec-iz-doneccini-pereviz-do-zitomira-vlasne-virobnictvo-plastikovoi-tari/,200,missing body or title,wayback_cdx
suspilne,https://suspilne.media/508945-sist-tonn-gumanitarnoi-dopomogi-molod-z-cerkas-vidvezla-na-hersonsinu/,200,missing body or title,wayback_cdx
suspilne,https://suspilne.media/509099-sob-svidse-dopomagati-u-seli-na-cerkasini-vidkrili-pozeznu-castinu/,200,missing body or title,wayback_cdx
suspilne,https://suspilne.media/509127-v-novokahovskij-tg-ludi-likviduut-naslidki-poveni-armia-rf-obstrilue-naseleni-punkti-zaginula-ditina/,200,missing body or title,wayback_cdx
suspilne,https://suspilne.media/509401-deeskalacia-obmin-polonenimi-pislavoenna-vidbudova-prezident-par-ozvuciv-mirnij-plan-krain-afriki/,200,missing body or title,wayback_cdx
suspilne,https://suspilne.media/509863-obstril-kozackogo-vidstup-vodi-se-z-pati-naselenih-punktiv-480-den-vijni-hronika-podij-v-hersonskij-oblasti/,200,missing body or title,wayback_cdx
suspilne,https://suspilne.media/509949-odeski-plazi-viznali-nepridatnimi-dla-kupanna/,200,missing body or title,wayback_cdx
suspilne,https://suspilne.media/510273-u-cernigovi-zitknulisa-mikroavtobus-ta-smittevoz-odnogo-z-vodiiv-vivilnali-ratuvalniki/,403,,wayback_cdx
suspilne,https://suspilne.media/510485-ukraina-otrimala-63-mln-evro-vid-svitovogo-banku-kudi-pidut-kosti/,200,missing body or title,wayback_cdx
suspilne,https://suspilne.media/512043-pidtopleni-cerkva-restoran-ta-privatni-budinki-u-dsns-kiivsini-rozpovili-pro-naslidki-negodi/,200,missing body or title,wayback_cdx
suspilne,https://suspilne.media/512829-biblioteki-so-postrazdali-vid-vijni-ta-bunt-proti-imperii-radka-mokrika-vibir-tetani-teren-na-knizkovomu-arsenali/,200,missing body or title,wayback_cdx
suspilne,https://suspilne.media/512867-nacgvardiec-z-vinnici-gotuetsa-do-cempionatu-ukraini-z-dziu-dzitsu/,403,,wayback_cdx
suspilne,https://suspilne.media/513145-psevdokerivnika-hersonskogo-komunalnogo-pidpriemstva-suditimut-za-posobnictvo-derzavi-agresoru-ta-kradizku/,200,missing body or title,wayback_cdx
suspilne,https://suspilne.media/513449-sud-es-viznav-ugorsinu-vinnou-v-porusenni-prav-migrantiv/,200,missing body or title,wayback_cdx
suspilne,https://suspilne.media/513847-u-zaporizkij-oblasti-riven-vodi-v-niznomu-befi-dniprovskoi-ges-nizcij-za-normu-na-114-m/,200,missing body or title,wayback_cdx
suspilne,https://suspilne.media/513881-z-pocatku-lita-2023-roku-na-vodojmah-sumsini-zaginuli-cetvero-ludej/,200,missing body or title,wayback_cdx
suspilne,https://suspilne.media/514213-ukraina-bez-medalej-u-drugomu-pospil-finali-artisticnogo-plavanna-na-evropejskih-igrah-2023/,200,missing body or title,wayback_cdx
suspilne,https://suspilne.media/514249-u-deakih-aptekah-poltavi-zris-popit-na-kalij-jodid-koli-potribno-jogo-vzivati/,403,,wayback_cdx
suspilne,https://suspilne.media/514453-rosijska-armia-obstrilala-z-artilerii-ocakivsku-gromadu-na-mikolaivsini/,200,missing body or title,wayback_cdx
suspilne,https://suspilne.media/514573-ukraina-zdobula-persu-medal-v-artisticnomu-plavanni-na-evropejskih-igrah-2023/,200,missing body or title,wayback_cdx
suspilne,https://suspilne.media/514921-u-cornomu-zmensilas-kilkist-raketonosiiv-aka-kilkist-raket/,200,missing body or title,wayback_cdx
suspilne,https://suspilne.media/515047-u-cernigovi-pravoohoronci-zatrimali-colovika-akij-pogrozuvav-vidviduvacam-magazinu-predmetom-shozim-na-granatu/,200,missing body or title,wayback_cdx
suspilne,https://suspilne.media/515081-rozklad-vistupiv-ukrainciv-u-patij-den-evropejskih-igor-26-cervna-hto-j-koli-vistupae/,200,missing body or title,wayback_cdx
suspilne,https://suspilne.media/515253-obstrili-hersona-ta-burgunki-obstezenna-zatoplenih-teritorij-488-den-vijni-hronika-podij-v-hersonskij-oblasti/,200,missing body or title,wayback_cdx
suspilne,https://suspilne.media/515477-u-sumskij-oblasti-viavili-ta-znisili-16-vibuhonebezpecnih-predmetiv/,200,missing body or title,wayback_cdx
suspilne,https://suspilne.media/515735-ukrainski-polarniki-ogolosili-zbir-dla-pidtrimki-vijskovih/,200,missing body or title,wayback_cdx
suspilne,https://suspilne.media/515931-ukraina-zavouvala-persu-medal-evropejskih-igor-2023-u-fehtuvanni-zoloto-v-bezuri/,200,missing body or title,wayback_cdx
suspilne,https://suspilne.media/516591-rozklad-vistupiv-ukrainciv-u-somij-den-evropejskih-igor-28-cervna-hto-j-koli-vistupae/,200,missing body or title,wayback_cdx
suspilne,https://suspilne.media/516617-dla-likvidacii-naslidkiv-negodi-u-verhovinskomu-ta-nadvirnanskomu-rajonah-na-frankivsini-potribno-194-mln-grn/,200,missing body or title,wayback_cdx
suspilne,https://suspilne.media/516945-u-dolinskij-miskij-gromadi-na-kirovogradsini-vidkrili-veteranskij-prostir/,200,missing body or title,wayback_cdx
suspilne,https://suspilne.media/518405-so-ukrainci-sluhali-v-cervni-dobirka-popularnih-vitciznanih-muzicnih-premer/,200,missing body or title,wayback_cdx
suspilne,https://suspilne.media/518675-rosijski-vijska-vdarili-po-nikopolu-na-dnipropetrovsini-z-vazkoi-artilerii/,200,missing body or title,wayback_cdx
suspilne,https://suspilne.media/518877-na-kordoni-z-ugorsinou-u-zakarpatca-viavili-kartinu-vidomogo-avstrijskogo-hudoznika/,200,missing body or title,wayback_cdx
suspilne,https://suspilne.media/518919-na-cerkasini-u-stavkah-dozvolili-loviti-rakiv-ta-ribu/,200,missing body or title,wayback_cdx
suspilne,https://suspilne.media/519089-na-lvivsini-suditimut-vijskovosluzbovca-akij-skoiv-dtp-dbr-zaversilo-rozsliduvanna/,200,missing body or title,wayback_cdx
suspilne,https://suspilne.media/519185-v-odeskij-oblasti-poprosalis-z-vijskovim-akij-zaginuv-na-doneccini/,403,,wayback_cdx
suspilne,https://suspilne.media/520317-u-harkivskomu-ekoparku-oselilasa-vratovana-poblizu-deokupovanoi-balaklii-kozula/,200,missing body or title,wayback_cdx
suspilne,https://suspilne.media/520731-na-vijni-zaginuv-zitel-hersonsini-mihajlo-cuguj/,403,,wayback_cdx
suspilne,https://suspilne.media/521131-na-dnipropetrovsini-gorit-smittezvalise/,200,missing body or title,wayback_cdx
suspilne,https://suspilne.media/521257-na-bizenciv-z-ukraini-kraini-evropi-vitratili-ponad-43-mlrd/,200,missing body or title,wayback_cdx
suspilne,https://suspilne.media/521345-alea-geroiv-bila-poltavi-na-akomu-etapi-stvorenna-sektoru-kladovisa-dla-poleglih-na-vijni/,403,,wayback_cdx
suspilne,https://suspilne.media/522093-dopomogali-uhilantam-viihati-za-kordon-za-4-tisaci-dolariv-u-kievi-suditimut-kerivnikiv-blagodijnih-fondiv/,200,missing body or title,wayback_cdx
suspilne,https://suspilne.media/522329-zrosuvalni-sistemi-kirovogradsini-peredadut-derzavnomu-agentstvu-melioracii-ci-polivatimut-pisla-cogo-pola/,200,missing body or title,wayback_cdx
suspilne,https://suspilne.media/523091-ak-bezkostovno-otrimati-vitag-z-edinogo-reestru-osib-zniklih-bezvisti-poasnenna-minreintegracii/,200,missing body or title,wayback_cdx
suspilne,https://suspilne.media/523127-buv-strilcem-sturmovogo-bataljonu-u-cerkasah-proveli-v-ostannu-put-zahisnika/,403,,wayback_cdx
suspilne,https://suspilne.media/523215-oblastuvanna-alei-geroiv-u-zaturinomu-bila-poltavi-spramuvali-dodatkove-finansuvanna/,200,missing body or title,wayback_cdx
suspilne,https://suspilne.media/523657-na-kiivsini-vidnovili-elektropostacanna-u-ponad-57-tisac-rodin/,200,missing body or title,wayback_cdx
suspilne,https://suspilne.media/523903-v-irpeni-vidbuduvali-najvisu-bagatopoverhivku-poskodzenu-rosijskimi-obstrilami/,200,missing body or title,wayback_cdx
suspilne,https://suspilne.media/524109-startuvav-pilotnij-proekt-pomicnik-veterana-radnica-patronatnoi-sluzbi-mikolaivskoi-ova/,200,missing body or title,wayback_cdx
suspilne,https://suspilne.media/524475-vihidni-u-mikolaevi-de-vidpociti-ta-aki-zahodi-zaplanovani/,200,missing body or title,wayback_cdx
suspilne,https://suspilne.media/524533-u-vijni-z-rf-zaginuli-desatero-zahisnikiv-z-kirovogradsini/,403,,wayback_cdx
suspilne,https://suspilne.media/524565-u-rivnomu-zminili-nazvi-troh-vulic-aki-mezuut-odna-z-odnou-v-comu-pricina/,200,missing body or title,wayback_cdx
suspilne,https://suspilne.media/524625-reznikov-nazvav-pat-principiv-vikoristanna-ukrainou-kasetnih-boepripasiv/,200,missing body or title,wayback_cdx
suspilne,https://suspilne.media/524653-ne-mozna-otrimati-abo-nadislati-perekaz-na-kartku-pro-pricini-rozpovila-specialistka-banku-z-kropivnickogo/,200,missing body or title,wayback_cdx
suspilne,https://suspilne.media/524685-na-vijni-zaginuv-kulemetnik-z-hersonsini-roman-pirog/,403,,wayback_cdx
suspilne,https://suspilne.media/524971-na-harkivsini-cerez-negodu-znestrumleni-15-naselenih-punktiv/,200,missing body or title,wayback_cdx
suspilne,https://suspilne.media/525003-u-rivnomu-poprosalisa-iz-serzantom-sergiem-onisukom/,403,,wayback_cdx
suspilne,https://suspilne.media/525249-sportsmenka-z-dnipropetrovsini-viborola-zolotu-medal-na-kubku-evropi-z-dzudo/,200,missing body or title,wayback_cdx
suspilne,https://suspilne.media/525603-vivoziv-ukrainske-zerno-kapitanu-rosijskogo-sudna-povidomili-pro-pidozru/,200,missing body or title,wayback_cdx
suspilne,https://suspilne.media/525857-na-lvivsini-miz-selami-monastirec-i-polana-rozpocali-zvoditi-mist/,200,missing body or title,wayback_cdx
suspilne,https://suspilne.media/526069-stvorat-reabilitacijne-viddilenna-u-pavlogradi-na-dnipropetrovsini-rozpocali-rekonstrukciu-odnogo-z-blokiv-likarni/,200,missing body or title,wayback_cdx
suspilne,https://suspilne.media/526221-u-vinnici-vidnovlat-tri-medzakladi-kostom-subvencii-z-derzavnogo-budzetu/,200,missing body or title,wayback_cdx
suspilne,https://suspilne.media/526477-25-tonn-plodiv-z-gektaru-na-vinniccini-zibrali-rekordnij-vrozaj-zimolosti/,403,,wayback_cdx
suspilne,https://suspilne.media/527089-ocoliv-gromadsku-radu-pri-okupantah-hersonca-suditimut-za-kolaboracionizm/,403,,wayback_cdx
suspilne,https://suspilne.media/527281-zitela-harkova-zasudili-za-vikradenna-ta-zgvaltuvanna-15-ricnoi-susidki/,200,missing body or title,wayback_cdx
suspilne,https://suspilne.media/527613-sili-ppo-znisili-na-d-dnipropetrovsinou-bezpilotnik-vijsk-rf/,200,missing body or title,wayback_cdx
suspilne,https://suspilne.media/527703-zbirav-rozviddani-sodo-situacii-na-zakarpatti-mikolaivskogo-blogera-suditimut-za-derzzradu/,200,missing body or title,wayback_cdx
suspilne,https://suspilne.media/527733-brakue-kompetentnosti-ukrainskogo-arbitra-rozkritikuvali-pisla-dramaticnogo-matcu-v-amerikanskij-mls-so-vidbulosa/,200,missing body or title,wayback_cdx
suspilne,https://suspilne.media/527885-ocisni-sporudi-cerkas-peredali-u-vlasnist-mista/,200,missing body or title,wayback_cdx
suspilne,https://suspilne.media/528139-elina-svitolina-viletila-z-vimbldona-2023-pisla-porazki-vid-vondrousovoi/,403,,wayback_cdx
suspilne,https://suspilne.media/528323-avaria-na-merezi-aki-vulici-v-mikolaevi-zalisilisa-bez-vodopostacanna/,200,missing body or title,wayback_cdx
suspilne,https://suspilne.media/528571-obstrili-doneccini-ponad-20-udariv-po-vugledaru-i-11-naselenih-punktiv-pid-vognem/,200,missing body or title,wayback_cdx
suspilne,https://suspilne.media/528601-moneti-nominalom-1-2-5-ta-25-kopijok-mozna-obminati-do-kinca-veresna-nbu/,200,missing body or title,wayback_cdx
suspilne,https://suspilne.media/528659-12-ricnij-hlopcik-akij-prodavav-kroliv-na-vinniccini-pridbav-paverbanki-dla-nacgvardijciv/,200,missing body or title,wayback_cdx
suspilne,https://suspilne.media/529699-rosijski-vijskovi-za-dobu-69-raziv-obstrilali-hersonsku-oblast/,200,missing body or title,wayback_cdx
suspilne,https://suspilne.media/529913-do-nikopola-na-dnipropetrovsini-peredali-ponad-60-tonn-pitnoi-vodi/,200,missing body or title,wayback_cdx
suspilne,https://suspilne.media/530131-na-bukovini-zasudili-vodia-za-ucastu-akogo-v-avarii-zaginula-sima-vijskovogo/,403,,wayback_cdx
suspilne,https://suspilne.media/530729-do-ternopola-privezli-vakcini-proti-koru-pocali-sepluvati-ditej/,200,missing body or title,wayback_cdx
suspilne,https://suspilne.media/530921-trivalij-cas-namagautsa-prorvati-oboronu-vazki-boi-na-kupanskomu-napramku-jdut-vze-dekilka-tizniv-cerevatij/,200,missing body or title,wayback_cdx
suspilne,https://suspilne.media/530989-hersonca-akij-pracuvav-na-zahoplenij-vijskami-rf-zaliznici-pidozruut-v-posobnictvi-derzavi-agresoru/,200,missing body or title,wayback_cdx
suspilne,https://suspilne.media/531017-zbitki-na-majze-3-mln-grn-ekssluzbovca-karpatskogo-biosfernogo-zapovidnika-pidozruut-u-sluzbovij-nedbalosti/,200,missing body or title,wayback_cdx
suspilne,https://suspilne.media/531115-legalizuvali-5-mlrd-grn-dohodiv-vid-azartnih-igor-sbu-vikrila-v-kievi-pracivnikiv-banku/,404,,wayback_cdx
suspilne,https://suspilne.media/531145-u-zaporizzi-vidkrili-krizovu-kimnatu-dla-zinok-aki-postrazdali-vid-domasnogo-nasilstva/,403,,wayback_cdx
suspilne,https://suspilne.media/532195-privatni-kompanii-gotovi-vivoziti-zbizza-z-ukraini-popri-vihid-rf-iz-zernovoi-ugodi-zelenskij/,200,missing body or title,wayback_cdx
suspilne,https://suspilne.media/532383-u-kropivnickomu-obrali-zapobiznij-zahid-advokatu-akogo-pidozruut-u-habarnictvi/,200,missing body or title,wayback_cdx
suspilne,https://suspilne.media/532901-pogoda-na-ivano-frankivsini-na-21-lipna/,200,missing body or title,wayback_cdx
suspilne,https://suspilne.media/533039-mzs-zaklikae-evrosouz-terminovo-rozsiriti-slahi-dla-ukrainskogo-eksportu-zernovih-aka-tocka-zoru-es/,200,missing body or title,wayback_cdx
suspilne,https://suspilne.media/533211-rf-zoseredzena-na-patoh-napramkah-za-dobu-vidbulos-20-bojovih-zitknen-genstab/,200,missing body or title,wayback_cdx
suspilne,https://suspilne.media/533245-agrarii-zaporizkoi-oblasti-splatili-ponad-42-miljoni-edinogo-podatku/,200,missing body or title,wayback_cdx
suspilne,https://suspilne.media/533705-u-kremencuci-v-avarii-travmuvalisa-pidlitki/,200,missing body or title,wayback_cdx
suspilne,https://suspilne.media/533839-do-vinnici-pribuv-17-j-tramvajnij-vagon-tram2000/,200,missing body or title,wayback_cdx
suspilne,https://suspilne.media/533995-na-vijni-zaginuv-zahisnik-iz-zakarpatta-vitalij-lendel/,403,,wayback_cdx
suspilne,https://suspilne.media/534183-ukraina-zdobula-maksimalnu-kvotu-na-olimpiadu-2024-u-zinocih-stribkah-u-visotu-aroslava-magucih-vikonala-normativ/,200,missing body or title,wayback_cdx
suspilne,https://suspilne.media/534215-aviaudari-po-kozackomu-znezarazenna-pidtoplenih-osel-u-hersoni-514-den-vijni-hronika-podij-v-hersonskij-oblasti/,200,missing body or title,wayback_cdx
suspilne,https://suspilne.media/534291-na-zaporizzi-riven-vodi-v-niznomu-befi-dniproges-nizcij-za-normu-na-ponad-25-m-zova/,200,missing body or title,wayback_cdx
suspilne,https://suspilne.media/534471-comu-rosijski-raketi-oniks-taki-nebezpecni-ta-ci-mozlivo-ih-zbivati-suspilne-poasnuemo/,200,missing body or title,wayback_cdx
suspilne,https://suspilne.media/534511-hersonsina-otrimala-obladnanna-na-vidnovlenna-elektropostacanna-pisla-pidrivu-rf-kahovskoi-ges/,200,missing body or title,wayback_cdx
suspilne,https://suspilne.media/534555-psz-vistaviv-kiliana-mbappe-na-transfer-i-ne-vzav-francuza-na-peredsezonnij-tur-u-comu-pricina/,200,missing body or title,wayback_cdx
suspilne,https://suspilne.media/535147-vodij-ne-vporavsa-z-keruvannam-ta-perekinuvsa-na-cernigivsini-v-dtp-zaginuv-colovik/,403,,wayback_cdx
suspilne,https://suspilne.media/535515-mikrorajon-kazarskogo-v-mikolaevi-do-vecora-zalisivsa-bez-vodopostacanna/,200,missing body or title,wayback_cdx
suspilne,https://suspilne.media/536527-utekli-vid-policii-j-namagalisa-poihati-na-hmelniccinu-na-vinniccini-pidlitki-vikrali-avtomobil/,200,missing body or title,wayback_cdx
suspilne,https://suspilne.media/536831-sud-nad-ajdarivcami-v-rf-lubinec-zaklikav-svit-vidreaguvati/,200,missing body or title,wayback_cdx
suspilne,https://suspilne.media/537683-v-odesi-zanovo-vstanovili-tarifi-na-parkuvanna/,200,missing body or title,wayback_cdx
suspilne,https://suspilne.media/538357-sumskij-tenisist-prodovzue-vistup-na-cempionati-ukraini/,200,missing body or title,wayback_cdx
suspilne,https://suspilne.media/538509-u-zvagelskomu-rajoni-na-zitomirsini-vidnovlat-osvitnij-proces-u-nizci-ditsadkiv-aki-timcasovo-prizupinali-robotu/,200,missing body or title,wayback_cdx
suspilne,https://suspilne.media/538865-cerez-strajki-aktoriv-i-scenaristiv-u-ssa-premiu-emmi-perenesli-na-neviznacenij-termin/,200,missing body or title,wayback_cdx
suspilne,https://suspilne.media/539185-olga-harlan-otrimala-avtomaticnu-kvalifikaciu-vid-mok-na-olimpiadu-2024/,403,,wayback_cdx
suspilne,https://suspilne.media/539217-na-lvivsini-vidznacili-den-derzavnosti-ak-ce-bulo/,200,missing body or title,wayback_cdx
suspilne,https://suspilne.media/539805-ak-zibrati-visokij-vrozaj-ogirkiv-zitel-gorosovoi-na-ternopilsini-rozpoviv-pro-doglad-za-roslinami/,200,missing body or title,wayback_cdx
suspilne,https://suspilne.media/540795-u-cernivcah-planuut-zbuduvati-dva-bagatokvartirni-budinki-dla-pereselenciv-za-105-mln-evro-sukaut-pidradnika/,403,,wayback_cdx
suspilne,https://suspilne.media/540855-u-deakih-rajonah-stolici-projsla-zalpova-zliva-gidrosluzbi-usuvaut-naslidki-pidtoplenna/,200,missing body or title,wayback_cdx
suspilne,https://suspilne.media/540883-u-centri-simferopola-bulo-cuti-kilka-gluhih-vibuhiv/,200,missing body or title,wayback_cdx
suspilne,https://suspilne.media/541379-u-mikolaevi-u-vidpovid-na-skargi-mistan-trivae-dezinsekcia-ukrittiv-ta-pidvaliv/,200,missing body or title,wayback_cdx
suspilne,https://suspilne.media/541629-na-lvivsini-u-punktah-propusku-na-kordoni-z-polseu-oblastuvali-sanitarni-moduli/,200,missing body or title,wayback_cdx
suspilne,https://suspilne.media/542133-prezident-cehii-dozvoliv-se-14-gromadanam-kraini-sluziti-u-zsu/,200,missing body or title,wayback_cdx
suspilne,https://suspilne.media/542379-teroboroni-belgorodskoi-ta-kurskoi-oblastej-vidali-zbrou/,200,missing body or title,wayback_cdx
suspilne,https://suspilne.media/542647-nikopolsina-trici-za-den-zaznala-obstriliv-armieu-rf-naslidki/,200,missing body or title,wayback_cdx
suspilne,https://suspilne.media/542677-u-castinu-poskodzenoi-raketou-rf-bagatopoverhivki-u-krivomu-rozi-povernuli-svitlo-j-vodu-rozpocato-ekspertizu-budivli/,200,missing body or title,wayback_cdx
suspilne,https://suspilne.media/542883-ekspravoohoronca-z-hersonsini-pidozruut-u-kolaboracionizmi/,200,missing body or title,wayback_cdx
suspilne,https://suspilne.media/543095-obama-poobicav-zrobiti-vse-mozlive-dla-pereobranna-bajdena-nbc-news/,200,missing body or title,wayback_cdx
suspilne,https://suspilne.media/543789-perezavantazitis-ta-piznati-nove-vidpocinok-u-nacionalnomu-prirodnomu-parku-buzkij-gard-na-mikolaivsini/,200,missing body or title,wayback_cdx
suspilne,https://suspilne.media/543915-rf-gotue-provokacii-sob-vtagnuti-bilorus-u-povnomasstabnu-vijnu-sbu/,403,,wayback_cdx
suspilne,https://suspilne.media/543972-golova-oblradi-osobisto-proponuvav-meni-napisati-zaavu-na-zvilnenna-kerivnik-kropivnickogo-teatru/,200,missing body or title,wayback_cdx
suspilne,https://suspilne.media/544213-v-aparati-vr-povidomili-akim-bulo-oficijne-vidradzenna-deputata-aristova/,200,missing body or title,wayback_cdx
suspilne,https://suspilne.media/544581-dsns-niki-na-doneccini-vratuvali-kota-akij-vpav-u-kolodaz/,200,missing body or title,wayback_cdx
suspilne,https://suspilne.media/544697-u-poltavi-iz-vikna-vipala-zinka/,403,,wayback_cdx
suspilne,https://suspilne.media/544813-na-odesini-ocikuut-finansuvanna-dla-pobudovi-mostu-cerez-dunaj/,200,missing body or title,wayback_cdx
suspilne,https://suspilne.media/545019-mer-moskvi-zaaviv-pro-zbitta-bezpilotnika-v-oblasti-v-aeroporti-vnukovo-zatrimuutsa-rejsi/,200,missing body or title,wayback_cdx
suspilne,https://suspilne.media/545109-bula-zagroza-perekidanna-vognu-avtozapravnu-stanciu-na-mikolaivsini-ratuvalniki-likvidovuut-zagoranna-suhoi-travi/,200,missing body or title,wayback_cdx
suspilne,https://suspilne.media/545203-na-sostkinsini-sumskoi-oblasti-proveli-v-ostannu-put-vijskovosluzbovca-oleksia-timosenka/,403,,wayback_cdx
suspilne,https://suspilne.media/545417-u-bilopilli-sumskoi-oblasti-zaboronili-gucnu-muziku-ta-ruh-transportu-bez-sumopoglinaciv/,200,missing body or title,wayback_cdx
suspilne,https://suspilne.media/545691-v-bou-za-ukrainu-zaginuv-voin-z-hmelniccini-vasil-trofimenko/,403,,wayback_cdx
suspilne,https://suspilne.media/545779-golovu-ternopilskoi-oblasnoi-radi-mihajla-golovka-ne-vidstoronili-vid-posadi/,200,missing body or title,wayback_cdx
suspilne,https://suspilne.media/546135-vijskovi-rf-z-minometiv-obstrilali-hotinsku-gromadu/,200,missing body or title,wayback_cdx
suspilne,https://suspilne.media/546527-na-odesini-planuut-buduvati-novij-mist-cerez-dnistrovskij-liman/,200,missing body or title,wayback_cdx
suspilne,https://suspilne.media/546589-zelenskij-obgovoriv-z-premerom-niderlandiv-posilenna-ukrainskoi-ppo-ta-navcanna-pilotiv-na-f-16/,200,missing body or title,wayback_cdx
suspilne,https://suspilne.media/546645-pributok-20-mln-grn-eksnardepu-ogolosili-pidozru-za-mahinacii-na-fondovij-birzi/,200,missing body or title,wayback_cdx
suspilne,https://suspilne.media/547813-popri-tisk-ludi-ne-ohoce-berut-rosijski-pasporti-persij-zastupnik-oblradi-hersonsini-pro-situaciu-na-livoberezzi/,200,missing body or title,wayback_cdx
suspilne,https://suspilne.media/548457-sud-uhvaliv-risenna-pro-konfiskaciu-zavodu-rosijskogo-senatora-u-konotopi-na-sumsini/,200,missing body or title,wayback_cdx
suspilne,https://suspilne.media/548577-pracivnika-odeskogo-istoriko-kraeznavcogo-muzeu-suditimut-za-korupciu/,200,missing body or title,wayback_cdx
suspilne,https://suspilne.media/548667-rf-hoce-prosuvati-armiu-bilorusi-ak-silu-aka-protistoit-nato-britanska-rozvidka/,200,missing body or title,wayback_cdx
suspilne,https://suspilne.media/549127-do-programi-obminu-lamp-rozzaruvanna-dodali-osbb-hto-se-moze-skoristatisa/,200,missing body or title,wayback_cdx
suspilne,https://suspilne.media/549187-sili-oboroni-prosuvautsa-do-urozajnogo-nastup-armii-rf-na-kupansk-tizden-na-frontah/,200,missing body or title,wayback_cdx
suspilne,https://suspilne.media/549453-v-odesi-oficijno-vidkrili-sist-plaziv/,200,missing body or title,wayback_cdx
suspilne,https://suspilne.media/549545-stalo-vidomo-akou-bude-pogoda-na-ivano-frankivsini-13-serpna/,200,missing body or title,wayback_cdx
suspilne,https://suspilne.media/549947-v-uzgorodi-na-teritorii-azs-goriv-avtomobil/,200,missing body or title,wayback_cdx
suspilne,https://suspilne.media/550909-raketna-ataka-rf-po-hmelniccini-unoci-15-serpna-so-vidomo/,200,missing body or title,wayback_cdx
suspilne,https://suspilne.media/551535-navcanna-i-psihologicna-pidtrimka-u-pokrovsku-stvoruut-centr-dla-zinok/,200,missing body or title,wayback_cdx
suspilne,https://suspilne.media/551813-na-okupovanij-lugansini-e-naseleni-punkti-aki-znestrumleni-ponad-rik/,200,missing body or title,wayback_cdx
suspilne,https://suspilne.media/551843-sportsmeni-z-cernigivsini-zdobuli-dvi-zoloti-medali-na-cempionati-svitu-z-plavanna-v-argentini/,403,,wayback_cdx
suspilne,https://suspilne.media/552243-dopitali-se-patoh-poterpilih-na-ivano-frankivsini-prodovzuut-rozglad-spravi-psevdovolontera-vitalia-hemica/,200,missing body or title,wayback_cdx
suspilne,https://suspilne.media/552779-tak-zvanij-rektorci-okupacijnogo-agrarnogo-universitetu-hersona-ogolosili-novu-pidozru/,200,missing body or title,wayback_cdx
suspilne,https://suspilne.media/552989-na-doneccini-lisi-gotuut-do-osinnoi-visadki/,200,missing body or title,wayback_cdx
suspilne,https://suspilne.media/553289-pamatnik-u-plivci-comu-v-mlinovi-na-rivnensini-zamotali-memorial-akij-pidlagae-dekomunizacii/,200,missing body or title,wayback_cdx
suspilne,https://suspilne.media/553361-riven-vodi-u-stavku-oholodzuvaci-zaes-deso-znizivsa-energoatom/,200,missing body or title,wayback_cdx
suspilne,https://suspilne.media/553665-u-parlamenti-zareestruvali-zakonoproekt-pro-dekriminalizaciu-porno/,200,missing body or title,wayback_cdx
suspilne,https://suspilne.media/553903-na-cernigivsini-poprosalisa-z-cotirma-vijskovimi-aki-zaginuli-na-lugansini-hersonsini-ta-zaporizzi/,200,missing body or title,wayback_cdx
suspilne,https://suspilne.media/554099-rosijski-vijska-obstrilali-herson-zaginuv-colovik-e-poraneni/,200,missing body or title,wayback_cdx
suspilne,https://suspilne.media/554563-u-smili-poprosalisa-iz-23-ricnim-poleglim-zahisnikom/,403,,wayback_cdx
suspilne,https://suspilne.media/555409-cina-zagolovkiv-pro-peremisenna-82-i-brigadi-pat-aviaudariv-po-nij-za-dobu-malar/,200,missing body or title,wayback_cdx
suspilne,https://suspilne.media/556389-vid-pidrivu-granati-u-budinku-na-rivnensini-zaginuv-colovik-ta-poranena-jogo-donka-pidozruvanogo-arestuvali/,200,missing body or title,wayback_cdx
suspilne,https://suspilne.media/556879-peredavav-koordinati-rozmisenna-zsu-pravoohoronci-zatrimali-zitela-slovanska/,200,missing body or title,wayback_cdx
suspilne,https://suspilne.media/556919-u-cernivcah-vprovadzuut-novu-sistemu-vidstezenna-ruhu-komunalnogo-transportu-naviso-ce-potribno/,200,missing body or title,wayback_cdx
suspilne,https://suspilne.media/557371-ukrzaliznica-priznacae-dodatkovi-potagi-do-kilkoh-mist-aki-napramki/,200,missing body or title,wayback_cdx
suspilne,https://suspilne.media/558641-u-finlandii-arestuvali-clena-pvk-vagner-na-zapit-kieva-zmi/,200,missing body or title,wayback_cdx
suspilne,https://suspilne.media/558711-u-kievi-pocali-rozbirati-istoricnu-budivlu-trolejbusno-tramvajnogo-upravlinna-so-kazut-u-kmda/,200,missing body or title,wayback_cdx
suspilne,https://suspilne.media/559295-u-lucku-poprosalisa-z-zagiblim-vijskovosluzbovcem-romanom-girenkom/,403,,wayback_cdx
suspilne,https://suspilne.media/559593-nova-zelandia-nadavatime-ukraincam-posvidku-na-prozivanna/,200,missing body or title,wayback_cdx
suspilne,https://suspilne.media/560217-sili-oboroni-zvilnili-robotine-cim-ce-selise-vazlive-dla-podalsogo-kontrnastupu-na-pivdni-suspilne-poasnuemo/,200,missing body or title,wayback_cdx
suspilne,https://suspilne.media/560255-ukrainska-muzika-mae-buti-cesna-j-pravdiva-ukrainskij-gurt-brati-gadukini/,200,missing body or title,wayback_cdx
suspilne,https://suspilne.media/560367-za-dvi-dobi-rosiani-zavdali-193-udari-po-zaporizkij-oblasti-foto-naslidkiv/,200,missing body or title,wayback_cdx
suspilne,https://suspilne.media/560715-hlopci-zartoma-nazivali-jogo-zat-u-hmelnickij-gromadi-poprosalisa-z-bijcem-pavlom-rozikom/,403,,wayback_cdx
suspilne,https://suspilne.media/560827-u-den-pamati-zahisnikiv-ukraini-u-poltavi-vlastuvali-panahidu/,200,missing body or title,wayback_cdx
suspilne,https://suspilne.media/561189-ci-zrostut-na-hmelniccini-cini-na-produkti-u-veresni/,200,missing body or title,wayback_cdx
suspilne,https://suspilne.media/561355-volinskij-suhpajok-za-cas-povnomasstabnoi-vijni-volonteri-vigotovili-ponad-40-tisac-korobok/,200,missing body or title,wayback_cdx
suspilne,https://suspilne.media/561585-u-branskij-ta-orlovskij-oblastah-rf-prolunali-vibuhi/,200,missing body or title,wayback_cdx
suspilne,https://suspilne.media/561623-za-dobu-vijsko-rf-vtratilo-570-vijskovih-i-9-tankiv-genstab-zsu/,200,missing body or title,wayback_cdx
suspilne,https://suspilne.media/561841-erling-goland-viznanij-gravcem-2023-roku-za-versieu-asociacii-profesijnih-futbolistiv/,200,missing body or title,wayback_cdx
suspilne,https://suspilne.media/562597-prodav-kilogram-metamfetaminu-za-majze-pivtora-miljona-griven-uzgorodca-suditimut-za-pidozrou-v-narkotorgivli/,200,missing body or title,wayback_cdx
suspilne,https://suspilne.media/562631-bez-istotnih-opadiv-sinoptik-rozpoviv-akou-bud-pogoda-na-cerkasini-na-pocatku-veresna/,200,missing body or title,wayback_cdx
suspilne,https://suspilne.media/562917-cerez-sistemu-prozorro-market-zakupleno-majze-500-skilnih-avtobusiv-minekonomiki/,200,missing body or title,wayback_cdx
suspilne,https://suspilne.media/563589-armia-rf-obstrilala-herson-zaginuv-colovik/,200,missing body or title,wayback_cdx
suspilne,https://suspilne.media/563781-hlopci-buli-molodi-z-kim-poprosalisa-na-poltavsini-pisla-aviakatastrofi-mi-8-na-doneccini/,200,missing body or title,wayback_cdx
suspilne,https://suspilne.media/564003-istoria-ucna-z-novgoroda-siverskogo-akij-z-persogo-po-cetvertij-klas-navcaetsa-distancijno/,200,missing body or title,wayback_cdx
suspilne,https://suspilne.media/564069-za-dobu-na-fronti-vidbulosa-45-bojovih-zitknen-sili-oboroni-znisili-2-punkti-upravlinna-rosian-genstab/,200,missing body or title,wayback_cdx
suspilne,https://suspilne.media/565111-zakriv-ditinu-u-kabinci-gromadskoi-vbiralni-u-stolicnomu-parku-zatrimali-gvaltivnika/,200,missing body or title,wayback_cdx
suspilne,https://suspilne.media/565177-rosijski-okupanti-vze-namaluvali-majze-tridcatividsotkovu-avku-na-psevdoviborah-cns/,200,missing body or title,wayback_cdx
suspilne,https://suspilne.media/565243-castina-grosej-na-zsu-ak-rodina-z-vinniccini-virosue-vinograd/,200,missing body or title,wayback_cdx
suspilne,https://suspilne.media/565345-u-cerniveckij-oblasti-vidbuvsa-zahid-akij-obednav-mitciv-z-hersonsini-ta-bukovini/,200,missing body or title,wayback_cdx
suspilne,https://suspilne.media/565541-u-castini-budinkiv-sihivskogo-rajonu-u-lvovi-timcasovo-ne-bude-garacoi-vodi/,200,missing body or title,wayback_cdx
suspilne,https://suspilne.media/565571-u-sumah-poprosalisa-iz-zagiblim-vijskovim-romanom-ganicenkom/,403,,wayback_cdx
suspilne,https://suspilne.media/566573-diti-maluut-te-so-u-nih-bolit-mitec-z-luksemburgu-navcae-ditej-dnipra-mistectva-roboti-z-glinou/,200,missing body or title,wayback_cdx
suspilne,https://suspilne.media/566723-u-muzei-istorii-ukraini-rozpovili-hto-dav-kosti-na-vstanovlenna-gerba-na-monumenti-batkivsini-materi/,200,missing body or title,wayback_cdx
suspilne,https://suspilne.media/566985-vimagali-do-2-tisac-griven-za-pasport-u-harkovi-zatrimali-pracivnikiv-migracijnoi-sluzbi-sbu/,200,missing body or title,wayback_cdx
suspilne,https://suspilne.media/567267-u-mikolaivskij-oblasti-trivae-nadzvicajnij-riven-pozeznoi-nebezpeki-aki-pravila-ta-zaboroni/,200,missing body or title,wayback_cdx
suspilne,https://suspilne.media/567427-na-odesini-poprosautsa-z-vijskovim-akij-zaginuv-na-doneccini/,403,,wayback_cdx
suspilne,https://suspilne.media/567499-smigal-predstaviv-kolektivu-antimonopolnogo-komitetu-novogo-kerivnika/,200,missing body or title,wayback_cdx
suspilne,https://suspilne.media/567635-v-odesi-zaproponuvali-nove-misce-dla-stini-geroiv-radanskogo-souzu/,200,missing body or title,wayback_cdx
suspilne,https://suspilne.media/567671-u-kievi-sekretar-ruhu-pacifistiv-vipravdovuvav-agresiu-rf/,200,missing body or title,wayback_cdx
suspilne,https://suspilne.media/567983-parizka-opera-garne-zaprosila-jr-stvoriti-novu-robotu-dla-pamatki-aka-nini-na-rekonstrukcii/,200,missing body or title,wayback_cdx
suspilne,https://suspilne.media/568313-na-konotopsini-sumskoi-oblasti-provedut-v-ostannu-put-vijskovogo-igora-kulika/,403,,wayback_cdx
suspilne,https://suspilne.media/568345-grosi-na-zsu-v-odesi-ludi-vkotre-vijsli-na-miting-proti-tenderiv-na-rekonstrukcii-budivel-sudu-ta-teatru/,403,,wayback_cdx
suspilne,https://suspilne.media/568565-bagira-z-sotki-lucka-trenerka-z-tanciv-pisla-u-vijsko-vslid-za-colovikom/,200,missing body or title,wayback_cdx
suspilne,https://suspilne.media/569049-u-timcasovo-okupovanomu-misti-pologi-prolunali-vibuhi-v-budivli-de-pracuvali-viborci-komisii-rf-miskij-golova/,200,missing body or title,wayback_cdx
suspilne,https://suspilne.media/569689-armia-rf-obstrilali-dva-rajoni-dnipropetrovsini-so-vidomo-pro-naslidki/,200,missing body or title,wayback_cdx
suspilne,https://suspilne.media/570111-troe-sportsmeniv-z-cernigivsini-viboroli-zoloti-medali-na-vsesvitnih-sportivnih-igrah-csit/,200,missing body or title,wayback_cdx
suspilne,https://suspilne.media/570351-zbirna-ukraini-vistupit-na-cs-2023-zi-sportivnoi-gimnastiki-sklad-komandi-i-rozklad-finaliv/,200,missing body or title,wayback_cdx
suspilne,https://suspilne.media/570843-zinka-vtrapila-pid-kolesa-avto-podrobici-dtp-u-cerkasah/,200,missing body or title,wayback_cdx
suspilne,https://suspilne.media/570871-285-tisac-doz-vakcini-na-zitomirsini-rozpocalasa-osinna-kampania-z-imunizacii-dikih-tvarin-proti-skazu/,200,missing body or title,wayback_cdx
suspilne,https://suspilne.media/571975-privatizacia-volintorfu-ak-bacat-situaciu-v-derzpidpriemstvi-gromadi-ta-so-kazut-predstavniki-fondu-derzmajna/,200,missing body or title,wayback_cdx
suspilne,https://suspilne.media/572671-v-uzgorodi-vnaslidok-opadiv-utvorivsa-zator/,200,missing body or title,wayback_cdx
suspilne,https://suspilne.media/572979-umerov-peregovoriv-z-gensekom-nato-stoltenbergom-ta-zozepom-borrelem-pro-so-jslosa/,200,missing body or title,wayback_cdx
suspilne,https://suspilne.media/573091-ataka-na-sevmorzavod-stvorit-znacni-trudnosi-dla-flotu-rf-britanska-rozvidka/,200,missing body or title,wayback_cdx
suspilne,https://suspilne.media/573325-vorskla-otrimala-supernic-u-virisalnomu-raundi-vidboru-zinocoi-ligi-cempioniv-rezultat-zerebkuvanna/,200,missing body or title,wayback_cdx
suspilne,https://suspilne.media/573401-malohmarno-ta-sonacno-pogoda-na-vihidni-u-kirovogradskij-oblasti/,200,missing body or title,wayback_cdx
suspilne,https://suspilne.media/573579-platniki-podatkiv-mikolaivsini-pereveli-do-derzbudzetu-majze-575-mln-griven-vijskovogo-zboru/,200,missing body or title,wayback_cdx
suspilne,https://suspilne.media/573791-nas-miscevij-loha-u-seredmisti-krivogo-rogu-oselivsa-leleka/,200,missing body or title,wayback_cdx
suspilne,https://suspilne.media/573869-pograbuvav-6-ricnu-divcinku-u-cernigovi-zatrimali-pidozruvanogo/,200,missing body or title,wayback_cdx
suspilne,https://suspilne.media/574257-rosijski-vijskovi-obstriluvali-cotiri-gromadi-sumskoi-oblasti/,200,missing body or title,wayback_cdx
suspilne,https://suspilne.media/574435-ukraina-vtratila-dvi-pozicii-v-colovicomu-svitovomu-rejtingu-z-volejbolu-pisla-evro-2023-so-zminilosa/,200,missing body or title,wayback_cdx
suspilne,https://suspilne.media/575593-posiruvala-fejki-pro-nacizm-v-ukraini-zakarpatku-pidozruut-u-vipravdovuvanni-zbrojnoi-agresii-rf/,200,missing body or title,wayback_cdx
suspilne,https://suspilne.media/575725-odna-nadia-so-dadut-drova-na-doneccini-prifrontove-selo-de-nemae-elektriki-gotuetsa-do-zimi/,200,missing body or title,wayback_cdx
suspilne,https://suspilne.media/575881-sahtar-zaznav-porazki-vid-portu-u-persomu-matci-unackoi-ligi-uefa/,200,missing body or title,wayback_cdx
suspilne,https://suspilne.media/576433-subsidii-na-opaluvalnij-sezon-zitelam-hmelniccini-priznacat-avtomaticno-so-ce-znacit/,200,missing body or title,wayback_cdx
suspilne,https://suspilne.media/577315-fifa-onovila-rejting-colovicih-futbolnih-zbirnih-na-akomu-misci-ukraina-pisla-matciv-z-anglieu-ta-italieu/,200,missing body or title,wayback_cdx
suspilne,https://suspilne.media/577345-cini-na-kartoplu-ci-platitimut-volinani-bilse/,200,missing body or title,wayback_cdx
suspilne,https://suspilne.media/577517-buling-u-skoli-na-kirovogradsini-vcitelka-zvilnilas/,200,missing body or title,wayback_cdx
suspilne,https://suspilne.media/577831-ukraini-poki-ne-peredavatimut-raketi-atacms-sallivan/,200,missing body or title,wayback_cdx
suspilne,https://suspilne.media/578365-81-miljon-griven-ta-persij-zitlovij-sertifikat-otrimali-ziteli-cernigivsini-za-programou-evidnovlenna/,200,missing body or title,wayback_cdx
suspilne,https://suspilne.media/578733-na-doneccini-zaginuv-vijskovij-fedir-zajcev-z-kurahivskoi-gromadi/,200,missing body or title,wayback_cdx
suspilne,https://suspilne.media/579395-u-mikolaevi-stalasa-avaria-travmuvalisa-dvi-ditini-ta-zinka/,200,missing body or title,wayback_cdx
suspilne,https://suspilne.media/579423-armia-rf-skinula-dvi-aviabombi-na-herson-poranena-zinka/,200,missing body or title,wayback_cdx
suspilne,https://suspilne.media/580071-cekaut-na-gospodariv-z-vijni-u-pritulku-v-kropivnickomu-rajoni-zivut-piv-sotni-sobak/,200,missing body or title,wayback_cdx
suspilne,https://suspilne.media/580233-na-zakarpatti-vprodovz-vihidnih-zatrimali-ponad-50-colovikiv-aki-namagalisa-nezakonno-potrapiti-do-ugorsini-ta-rumunii/,200,missing body or title,wayback_cdx
suspilne,https://suspilne.media/580869-sob-ludi-ne-rozcinilisa-u-casi-ta-prostori-ak-cerez-sud-otrimati-dovidku-pro-smert-rodica/,200,missing body or title,wayback_cdx
suspilne,https://suspilne.media/581361-meskanca-lvivsini-zasudili-do-3-rokiv-pozbavlenna-voli-za-uhilenna-vid-mobilizacii/,200,missing body or title,wayback_cdx
suspilne,https://suspilne.media/581401-vinniccina-vidpravila-cergovij-gumvantaz-na-hersonsinu/,200,missing body or title,wayback_cdx
suspilne,https://suspilne.media/581571-donatella-versace-rozkritikuvala-italijskij-urad-za-diskriminacijnu-politiku-sodo-lgbtk-spilnoti/,200,missing body or title,wayback_cdx
suspilne,https://suspilne.media/581799-u-kropivnickomu-formuut-grupi-dla-distancijnogo-navcanna-ditej-aki-viihali-za-kordon/,200,missing body or title,wayback_cdx
suspilne,https://suspilne.media/581843-u-zitela-kirovogradsini-znajsli-zbrou-ta-vibuhivku/,200,missing body or title,wayback_cdx
suspilne,https://suspilne.media/582749-kompleksne-medicne-obstezenna-v-gromadi-na-zitomirsini-miscevih-ziteliv-bezkostovno-prijmali-vuzkoprofilni-likari/,200,missing body or title,wayback_cdx
suspilne,https://suspilne.media/582899-pandemia-zakincilasa-a-covid-19-gulae-hmelniccinou/,200,missing body or title,wayback_cdx
suspilne,https://suspilne.media/583073-aferi-z-kvartirami-ta-organizacia-nezakonnogo-peretinu-kordonu-suditimut-ocilnicu-ugrupovanna-ta-ii-spilnikiv/,200,missing body or title,wayback_cdx
suspilne,https://suspilne.media/583649-opaluvalnij-sezon-ak-pidgotovleni-pidpriemstva-mikolaeva/,200,missing body or title,wayback_cdx
suspilne,https://suspilne.media/583887-na-hmelniccini-pidpriemca-pidozruut-u-nezakonnomu-vipaluvanni-derevnogo-vugilla/,200,missing body or title,wayback_cdx
suspilne,https://suspilne.media/584355-na-zakarpatti-poprosalisa-iz-poleglim-na-vijni-vadimom-misem/,403,,wayback_cdx
suspilne,https://suspilne.media/584649-vnaslidok-obstriliv-rf-na-zaporizzi-viniklo-devat-pozez-dsns/,200,missing body or title,wayback_cdx
suspilne,https://suspilne.media/585065-u-gromadi-na-bukovini-poprosalisa-iz-zagiblim-vijskovim-savickim/,403,,wayback_cdx
suspilne,https://suspilne.media/585243-deputati-ivano-frankivskoi-miskradi-zvernulisa-do-prezidenta-ta-vru-ne-zabirati-z-miscevih-budzetiv-vijskovij-pdfo/,200,missing body or title,wayback_cdx
suspilne,https://suspilne.media/585997-na-zakarpatti-prikordonniki-otrimali-knigi-dla-vijskovih-aki-prohodat-likuvanna-ta-reabilitaciu/,200,missing body or title,wayback_cdx
suspilne,https://suspilne.media/586759-cerkasanka-viborola-sriblo-miznarodnogo-turniru-z-boksu/,200,missing body or title,wayback_cdx
suspilne,https://suspilne.media/587347-na-hmelniccini-zatrimali-jmovirnogo-vinuvatna-dtp-iz-letalnimi-naslidkami-zaginuv-55-ricnij-colovik/,200,missing body or title,wayback_cdx
suspilne,https://suspilne.media/587995-rosia-pocilila-u-misce-pominok-v-kupanskij-gromadi-ta-prorosijski-sili-u-slovaccini-suspilne-dajdzest/,200,missing body or title,wayback_cdx
suspilne,https://suspilne.media/590639-pozeza-budinku-na-cernigivsini-ratuvalniki-viavili-tila-dvoh-zagiblih/,200,missing body or title,wayback_cdx
suspilne,https://suspilne.media/590745-skilki-torik-zarobili-miski-gromadi-bukovini-ta-ihni-golovi-rejting/,403,,wayback_cdx
suspilne,https://suspilne.media/591225-u-cerkasah-uvimknuli-opalenna-u-kilkoh-likuvalnih-zakladah/,200,missing body or title,wayback_cdx
suspilne,https://suspilne.media/591401-viliz-na-dah-cisterni-na-odesini-12-ricnogo-hlopca-vdarilo-strumom/,200,missing body or title,wayback_cdx
suspilne,https://suspilne.media/591709-dla-vicnoi-pamati-na-volini-vidkrili-skver-na-cest-zagiblogo-vijskovogo-vaceslava-zenca/,403,,wayback_cdx
suspilne,https://suspilne.media/591875-vze-nemae-sela-jogo-povnistu-spalili-spogadi-zitelki-sela-patihatki-so-na-zaporizzi/,200,missing body or title,wayback_cdx
suspilne,https://suspilne.media/592111-rf-zavdala-aviaudaru-poblizu-sinkivki-genstab/,200,missing body or title,wayback_cdx
suspilne,https://suspilne.media/593019-ministri-oboroni-ukraini-ta-bolgarii-pidpisali-memorandum-pro-spivpracu-u-sferi-bezpeki/,200,missing body or title,wayback_cdx
suspilne,https://suspilne.media/593679-kiivskogo-podatkivca-zatrimali-za-habar-v-tisacu-dolariv/,200,missing body or title,wayback_cdx
suspilne,https://suspilne.media/593771-sum-ce-sens-zitta-ternopilsku-rodinu-obednue-spilna-sprava-i-zahist-kraini/,200,missing body or title,wayback_cdx
suspilne,https://suspilne.media/593803-u-harkovi-prezentuvali-muzicnij-albom-na-teksti-grigoria-skovorodi/,200,missing body or title,wayback_cdx
suspilne,https://suspilne.media/594171-majze-1700-vlasnikiv-poskodzenogo-zitla-na-dnipropetrovsini-dolucilis-do-programi-evidnovlenna/,200,missing body or title,wayback_cdx
suspilne,https://suspilne.media/594293-vnaslidok-dtp-na-zakarpatti-zaginula-6-ricna-ditina/,200,missing body or title,wayback_cdx
suspilne,https://suspilne.media/594953-poskodzeni-palac-kulturi-cerkva-transformatorna-pidstancia-gazova-truba-obstrili-doneccini/,200,missing body or title,wayback_cdx
suspilne,https://suspilne.media/595253-nacionalnij-muzej-istorii-ukraini-u-drugij-svitovij-vidkrie-vsu-teritoriu-dla-vidviduvaciv/,200,missing body or title,wayback_cdx
suspilne,https://suspilne.media/596115-katarina-zavacka-vperse-za-pivtora-roku-vigrala-matc-osnovnoi-sitki-wta/,200,missing body or title,wayback_cdx
suspilne,https://suspilne.media/596567-cerez-remont-dilnici-na-ivano-frankivsini-zminatsa-marsruti-kilkoh-potagiv-ukrzaliznica/,200,missing body or title,wayback_cdx
suspilne,https://suspilne.media/597759-akso-vin-pobacit-so-vtikau-a-mertva-ak-zinki-rozpovidaut-pro-perezite-domasne-nasilstvo/,200,missing body or title,wayback_cdx
suspilne,https://suspilne.media/599353-u-zaporizkomu-rajoni-diti-oblastuvali-blokpost-de-zbiraut-grosi-na-zsu/,200,missing body or title,wayback_cdx
suspilne,https://suspilne.media/599417-lesa-curenko-ne-zumila-vijti-u-final-turniru-wta-250-v-monastiri-prograla-persij-sianij/,200,missing body or title,wayback_cdx
suspilne,https://suspilne.media/599447-u-skolah-odesini-vidkrili-279-klasiv-bezpeki/,200,missing body or title,wayback_cdx
suspilne,https://suspilne.media/599859-grosi-na-zsu-v-ivano-frankivsku-vidbuvsa-blagodijnij-koncert-frontmena-gurtu-tin-sonca-sergia-vasiluka/,200,missing body or title,wayback_cdx
suspilne,https://suspilne.media/600257-stolicnij-budzet-nedootrimav-majze-50-mln-griven-prokuratura-vikrila-posadovciv-kmda/,200,missing body or title,wayback_cdx
suspilne,https://suspilne.media/600315-na-kiivsini-u-mezah-programi-vidnovidim-remontuut-95-budinkiv/,200,missing body or title,wayback_cdx
suspilne,https://suspilne.media/600445-likvidovuut-vitoki-na-teplomerezah-bez-opalenna-v-lucku-15-bagatopoverhivok/,200,missing body or title,wayback_cdx
suspilne,https://suspilne.media/601225-v-irpeni-stvorat-avtorsku-artmajsternu-the-industry-art-dla-molodi-grosi-nadast-unisef/,404,,wayback_cdx
suspilne,https://suspilne.media/601377-v-odesi-na-25-zovtna-ogolosili-stormove-poperedzenna-ocikuetsa-vitrana-pogoda/,200,missing body or title,wayback_cdx
suspilne,https://suspilne.media/601523-pidibrali-miscevi-ziteli-j-vidvezli-u-menskij-zoopark-istoria-patoh-gagar-aki-prijnali-asfalt-za-poverhnu-vodojmi/,200,missing body or title,wayback_cdx
suspilne,https://suspilne.media/601619-programa-soczahistu-na-poltavsini-kudi-spramuvali-ponad-100-miljoniv-griven/,200,missing body or title,wayback_cdx
suspilne,https://suspilne.media/602611-zakarpatec-proponuvav-prikordonnikam-habar-u-rozmiri-3500-dolariv-za-sprianna-u-peretini-derzavnogo-kordonu/,200,missing body or title,wayback_cdx
suspilne,https://suspilne.media/603631-u-kievo-pecerskij-lavri-poki-ne-vvimknuli-opalenna-zapovidnik-nazvav-pricinu/,200,missing body or title,wayback_cdx
suspilne,https://suspilne.media/604387-ratuvalniki-rozpovili-pro-naslidki-negodi-na-vinniccini/,200,missing body or title,wayback_cdx
suspilne,https://suspilne.media/604545-na-zaporizzi-prikordonniki-zbili-dva-rosijski-fpv-droni/,200,missing body or title,wayback_cdx
suspilne,https://suspilne.media/604633-u-sumah-proveli-cempionati-oblasti-z-dzudo/,200,missing body or title,wayback_cdx
suspilne,https://suspilne.media/604849-u-mikolaevi-v-odnomu-z-rajoniv-vidsutne-vodopostacanna/,200,missing body or title,wayback_cdx
suspilne,https://suspilne.media/605627-kiivsina-peredala-pozaslahoviki-dla-ukrainskih-vijskovih/,200,missing body or title,wayback_cdx
suspilne,https://suspilne.media/605691-na-poltavsini-religijnij-gromadi-pcu-majze-misac-ne-viddaut-hram-u-comu-pricina/,200,missing body or title,wayback_cdx
suspilne,https://suspilne.media/605855-vlucili-u-kvartiru-plita-perekrila-vihid-nas-evakuuvali-pozeznou-drabinou-hersonec-pro-nicnu-ataku-rf/,200,missing body or title,wayback_cdx
suspilne,https://suspilne.media/606137-jde-piski-z-polsi-do-kieva-amerikanec-mandrivnik-iz-hrestom-dijsov-do-zitomira/,403,,wayback_cdx
suspilne,https://suspilne.media/606245-golovni-novini-rivnogo-ta-oblasti-31-zovtna/,200,missing body or title,wayback_cdx
suspilne,https://suspilne.media/606519-ponovlenna-na-posadi-sekretara-poltavskoi-miskradi-karpova-u-sud-ne-prijsov-predstavnik-vidpovidaca/,403,,wayback_cdx
suspilne,https://suspilne.media/606585-ak-uniknuti-rozbiznostej-u-platizci-za-gaz-rozasnenna-ta-rekomendacii-fahivciv-gazorozpodilnoi-kompanii-u-zitomiri/,200,missing body or title,wayback_cdx
suspilne,https://suspilne.media/607323-u-lvovi-podaut-opalenna-do-88-budzetnih-ustanov/,200,missing body or title,wayback_cdx
suspilne,https://suspilne.media/607471-na-zakarpatti-prosatimutsa-iz-poleglim-zahisnikom-dmitrom-migovicem/,403,,wayback_cdx
suspilne,https://suspilne.media/610509-zi-135-ricnoi-pamatki-na-poltavskomu-slahu-v-harkovi-osipaetsa-fasad-koli-vstanovlat-ogorozu/,200,missing body or title,wayback_cdx
suspilne,https://suspilne.media/610677-zvilnenij-ale-pid-sodennimi-obstrilami-ci-stav-za-rik-herson-mistom-prividom/,403,,wayback_cdx
suspilne,https://suspilne.media/610733-cini-na-palne-ci-cekati-cerkasanam-zdorozcanna-najblizcim-casom/,200,missing body or title,wayback_cdx
suspilne,https://suspilne.media/610881-svogo-nicogo-nemae-u-cerkasah-pereselencam-vidavali-gumanitarku/,200,missing body or title,wayback_cdx
suspilne,https://suspilne.media/610927-vnaslidok-vlucanna-saheda-u-sumah-zasmiceno-majze-15-tisaci-kvadratnih-metriv/,200,missing body or title,wayback_cdx
suspilne,https://suspilne.media/611471-zigrivae-ta-hovae-vid-teplovizora-v-odesi-dla-vijskovih-modifikuvali-plas-nevidimku/,200,missing body or title,wayback_cdx
suspilne,https://suspilne.media/611605-na-poltavsini-ukrposta-zminue-tarifi-dla-drukovanih-periodicnih-vidan/,200,missing body or title,wayback_cdx
suspilne,https://suspilne.media/611651-konflikt-na-pisohidnomu-perehodi-u-kievi-vodij-pobiv-perehozogo-za-zauvazenna/,200,missing body or title,wayback_cdx
suspilne,https://suspilne.media/611789-v-odesi-drugij-den-pospil-usuvaut-naslidki-rosijskoi-ataki/,200,missing body or title,wayback_cdx
suspilne,https://suspilne.media/611885-na-zakarpatti-prosatimutsa-iz-poleglim-zahisnikom-anatoliem-sulgou/,200,missing body or title,wayback_cdx
suspilne,https://suspilne.media/612909-biznes-pid-cas-vijni-ak-na-odesini-pracue-pidpriemstvo-z-pererobki-funduka/,200,missing body or title,wayback_cdx
suspilne,https://suspilne.media/613315-u-morskij-port-feodosii-vperse-pribuli-odrazu-sist-potagiv-iz-vagonami-dla-perevezenna-zerna/,200,missing body or title,wayback_cdx
suspilne,https://suspilne.media/615273-ganskij-futbolist-pomer-pid-cas-matcu-cempionatu-albanii-so-trapilos/,200,missing body or title,wayback_cdx
suspilne,https://suspilne.media/615367-na-vijni-zaginuli-bijci-ruslan-zdor-ta-oleksandr-muha-z-dnipropetrovsini/,403,,wayback_cdx
suspilne,https://suspilne.media/615617-bili-z-artilerii-vijska-rf-vcergove-obstrilali-mikolaivsinu/,200,missing body or title,wayback_cdx
suspilne,https://suspilne.media/615889-na-lugansini-zaginuv-navidnik-z-hmelniccini-oleksandr-sulateckij/,403,,wayback_cdx
suspilne,https://suspilne.media/616041-u-kievi-zbilsuetsa-kilkih-hvorih-na-grip/,200,missing body or title,wayback_cdx
suspilne,https://suspilne.media/616189-na-zakarpatti-zatrimali-pidozuvanih-v-organizacii-nezakonnogo-perepravlenna-colovikiv-za-kordon/,200,missing body or title,wayback_cdx
suspilne,https://suspilne.media/616441-puhnastij-prostir-u-gromadi-na-zitomirsini-volonteri-likuut-kotikiv-ta-sukaut-im-novi-domivki/,200,missing body or title,wayback_cdx
suspilne,https://suspilne.media/616471-u-minoboroni-sprostuvali-povidomlenna-zmi-pro-mozlivist-zvilnenna-troh-komanduvaciv-zsu/,200,missing body or title,wayback_cdx
suspilne,https://suspilne.media/617741-golovne-ne-te-so-v-rota-kladut-a-te-so-z-rota-jde-cerkasanam-nagadali-pro-pocatok-rizdvanogo-postu/,200,missing body or title,wayback_cdx
suspilne,https://suspilne.media/618039-u-poltavi-proveli-bogosluzinna-pid-kerivnictvom-mitropolita-kiivskogo-i-vsiei-ukraini-epifania/,403,,wayback_cdx
suspilne,https://suspilne.media/618155-zelenskij-proviv-naradi-sodo-protidii-kolaborantam-ta-mozlivosti-ukraini-provoditi-nastup/,200,missing body or title,wayback_cdx
suspilne,https://suspilne.media/618821-inspektori-sklali-18-aktiv-na-pereviznikiv-na-ivano-frankivsini-trivae-tizden-bezpeki-doroznogo-ruhu/,200,missing body or title,wayback_cdx
suspilne,https://suspilne.media/618921-3-tis-dolariv-za-uhilenna-vid-prizovu-u-sumah-zatrimali-molodsogo-serzanta-vsp/,200,missing body or title,wayback_cdx
suspilne,https://suspilne.media/618997-u-poltavi-remontuut-sportivnij-majdancik-majze-za-3-miljoni-griven-comu-deaki-miscevi-proti/,200,missing body or title,wayback_cdx
suspilne,https://suspilne.media/619315-sim-tisac-dolariv-ssa-z-uhilanta-na-vinniccini-zatrimali-colovikiv-aki-perepravlali-ludej-za-kordon/,200,missing body or title,wayback_cdx
suspilne,https://suspilne.media/619345-golovni-novini-dnipropetrovsini-19-listopada/,200,missing body or title,wayback_cdx
suspilne,https://suspilne.media/619441-korupciah-na-ukrittah-u-kievi-posadovicu-dniprovskoi-rda-zalisili-pid-domasnim-arestom/,200,missing body or title,wayback_cdx
suspilne,https://suspilne.media/619701-na-ternopilsini-remontuvatimut-mist-vperse-za-90-rokiv/,200,missing body or title,wayback_cdx
suspilne,https://suspilne.media/619775-granti-na-biznes-za-rik-do-program-pidtrimki-es-u-zitomiri-dolucilisa-majze-200-pidpriemciv/,200,missing body or title,wayback_cdx
suspilne,https://suspilne.media/620455-na-ternopilsini-sinoptiki-prognozuut-mokrij-snig-i-ozeledicu/,200,missing body or title,wayback_cdx
suspilne,https://suspilne.media/620707-komanda-frankivsk-prikarpatta-vdruge-za-vihidni-postupilasa-kiiv-basket/,200,missing body or title,wayback_cdx
suspilne,https://suspilne.media/620819-z-likarni-al-sifa-v-gazi-evakuuvali-nedonosenih-nemovlat/,200,missing body or title,wayback_cdx
suspilne,https://suspilne.media/621007-hlopcikiv-bilse-na-mikolaivsini-protagom-tizna-narodilosa-89-ditej/,200,missing body or title,wayback_cdx
suspilne,https://suspilne.media/621219-cerkasi-gotovi-do-nadzvicajnih-situacij-na-200-miskij-golova/,200,missing body or title,wayback_cdx
suspilne,https://suspilne.media/622365-za-vnesok-u-rozvitok-mista-u-mikolaevi-studenti-otrimali-premii-miskogo-golovi/,200,missing body or title,wayback_cdx
suspilne,https://suspilne.media/622947-na-44-vidsotkiv-nizce-vid-epidporogu-situacia-z-zahvoruvanistu-na-grvi-na-mikolaivsini/,200,missing body or title,wayback_cdx
suspilne,https://suspilne.media/623041-ditsadki-na-volini-otrimali-ponad-700-tvorcih-boksiv/,200,missing body or title,wayback_cdx
suspilne,https://suspilne.media/623109-obravsa-do-okupacijnogo-parlamentu-deputatu-hersonskoi-oblasnoi-radi-povidomili-pro-pidozru-u-derzzradi/,200,missing body or title,wayback_cdx
suspilne,https://suspilne.media/624255-u-gostomeli-perevirili-budinki-aki-vidbudovuut-za-kosti-united24/,200,missing body or title,wayback_cdx
suspilne,https://suspilne.media/624285-nadlamani-ale-nezlamni-v-izumi-vpala-opora-mostu-na-akij-buv-napis-hudoznika-gamleta-ci-planuut-robiti-remont/,200,missing body or title,wayback_cdx
suspilne,https://suspilne.media/624691-selani-cinili-sprotiv-hlibozagotivli-istorik-z-kropivnickogo-pro-golodomor/,200,missing body or title,wayback_cdx
suspilne,https://suspilne.media/624827-navcaut-robototehnici-u-selisi-na-ternopilsini-dla-ditej-vidkrili-stem-klas/,200,missing body or title,wayback_cdx
suspilne,https://suspilne.media/625761-cerez-negodu-ziteliv-cerkas-prosat-ne-viizditi-z-domu-bez-nagalnoi-potrebi/,200,missing body or title,wayback_cdx
suspilne,https://suspilne.media/626017-negoda-u-krimu-padinna-derev-blekaut-dla-pivmiljona-osib-ta-zagibel-ponad-500-morskih-tvarin/,200,missing body or title,wayback_cdx
suspilne,https://suspilne.media/626707-rosijska-armia-vdarila-po-nikopolskomu-rajonu-dnipropetrovsini-poranena-zinka-2/,200,missing body or title,wayback_cdx
suspilne,https://suspilne.media/626873-na-dnipropetrovsini-zitknulisa-dvi-vantazivki-odin-z-vodiiv-zaginuv/,200,missing body or title,wayback_cdx
suspilne,https://suspilne.media/626905-25-masin-distali-ratuvalniki-zi-snigovih-zametiv-na-cerkasini/,200,missing body or title,wayback_cdx
suspilne,https://suspilne.media/627355-troe-zagiblih-ta-troe-poranenih-armia-rf-obstrilala-seredinu-budu-na-sumsini/,200,missing body or title,wayback_cdx
suspilne,https://suspilne.media/627657-pisla-operacii-na-serci-triricnu-hersonku-miu-aka-bula-poranena-vnaslidok-obstrilu-rf-vipisuut-z-likarni/,200,missing body or title,wayback_cdx
suspilne,https://suspilne.media/627884-na-zakarpatti-policejski-zatrimali-dvoh-narkotorgovciv/,200,missing body or title,wayback_cdx
suspilne,https://suspilne.media/627982-habar-za-nezakonnij-vidobutok-pisku-na-zitomirsini-golovi-gromadi-ogolosili-pro-pidozru/,200,missing body or title,wayback_cdx
suspilne,https://suspilne.media/628134-golovna-alinka-lvova-2023-2024-koli-ii-vstanovlat-ta-ak-vigladatime/,200,missing body or title,wayback_cdx
suspilne,https://suspilne.media/628270-u-lisovih-gospodarstvah-kiivsini-startue-prodaz-novoricnih-derev/,200,missing body or title,wayback_cdx
suspilne,https://suspilne.media/628986-u-rivnomu-z-1-grudna-zapracue-dva-novih-avtobusnih-marsruti-zamist-no39-ta-no49/,200,missing body or title,wayback_cdx
suspilne,https://suspilne.media/629206-u-cernigovi-za-pidozrou-v-otrimanni-habara-zatrimali-nacalnika-upravlinna-kapitalnogo-budivnictva-vaceslava-pocepa/,200,missing body or title,wayback_cdx
suspilne,https://suspilne.media/629618-za-vtecu-z-misca-sluzbi-colovikovi-prisudili-6-rokiv-ta-3-misaci-turmi-apelaciu-v-rivnomu-vin-prograv/,200,missing body or title,wayback_cdx
suspilne,https://suspilne.media/630608-smertelna-dtp-na-pecersku-policia-zatrimala-vodia-inozemca/,200,missing body or title,wayback_cdx
suspilne,https://suspilne.media/631062-slah-do-rivnoprava-v-ukraini-provodat-treningi-dla-zahistu-prav-ludej-z-intelektualnou-invalidnistu/,200,missing body or title,wayback_cdx
suspilne,https://suspilne.media/631930-stoltenberg-zustrivsa-z-umerovim-u-brusseli-pro-so-govorili/,200,missing body or title,wayback_cdx
suspilne,https://suspilne.media/632282-meskancevi-zolocivsini-prisudili-11-rokiv-pozbavlenna-voli-za-zgvaltuvanna/,200,missing body or title,wayback_cdx
suspilne,https://suspilne.media/633576-u-luckomu-rajoni-7-grudna-znestrumlat-38-sil/,200,missing body or title,wayback_cdx
suspilne,https://suspilne.media/633972-v-odeskij-miski-radi-obrali-novogo-persogo-zastupnika-mera/,200,missing body or title,wayback_cdx
suspilne,https://suspilne.media/634492-uskodzenij-cerez-aviaudar-vijsk-rf-u-vijskovomu-instituti-zitomira-vidnovili-robotu-muzeu/,200,missing body or title,wayback_cdx
suspilne,https://suspilne.media/634822-energetiki-zazivili-deokupovane-selo-mali-prohodi-na-harkivsini/,200,missing body or title,wayback_cdx
suspilne,https://suspilne.media/635260-na-zitomirsini-u-pozezi-zaginuli-troe-malolitnih-ditej/,200,missing body or title,wayback_cdx
suspilne,https://suspilne.media/636162-ne-movci-polon-vbivae-u-dnipri-ridni-vijskovih-aki-perebuvaut-v-poloni-vijsli-na-akciu/,200,missing body or title,wayback_cdx
suspilne,https://suspilne.media/637032-v-okupovanomu-krimu-vinik-deficit-palnogo/,200,missing body or title,wayback_cdx
suspilne,https://suspilne.media/637330-vidkritij-reestr-deklaracij-so-zadeklaruvali-golovi-gromad-u-rajcentrah-poltavsini/,200,missing body or title,wayback_cdx
suspilne,https://suspilne.media/638262-pid-cas-okupacii-ocolila-morskij-vis-u-hersoni-suditimut-profesorku/,200,missing body or title,wayback_cdx
suspilne,https://suspilne.media/638328-hmelnicki-volonteri-zrobili-picku-zi-snaradnoi-gilzi/,200,missing body or title,wayback_cdx
suspilne,https://suspilne.media/638800-volinski-studenti-rozmalovuut-tubusi-vid-snaradiv-do-blagodijnogo-aukcionu/,200,missing body or title,wayback_cdx
suspilne,https://suspilne.media/638948-buling-v-skoli-cim-zaversilasa-sprava-pro-zvinuvacenna-vcitelki-matematiki-na-sumsini/,200,missing body or title,wayback_cdx
suspilne,https://suspilne.media/639500-na-timcasovo-zahoplenij-teritorii-zaporizkoi-oblasti-okupanti-planuut-nacionalizuvati-vse-zitlo-fedorov/,200,missing body or title,wayback_cdx
suspilne,https://suspilne.media/639658-covnikovij-ruh-metro-skilki-raziv-pasaziri-platitimut-za-proizd-do-teremkiv/,403,,wayback_cdx
suspilne,https://suspilne.media/639906-zaluznij-nagorodiv-nagrudnimi-znakami-zolotij-hrest-dvoh-bijciv-z-frankivsini-romana-sobola-ta-vasila-mihavkiva/,200,missing body or title,wayback_cdx
suspilne,https://suspilne.media/640366-pozezi-v-bagatopoverhivkah-rujnuvanna-na-rinku-ocevidci-rozpovili-pro-cergovi-obstrili-hersona/,200,missing body or title,wayback_cdx
suspilne,https://suspilne.media/640504-rosijski-okupanti-budut-vikladati-v-skolah-krimu-dumka-eksperta/,200,missing body or title,wayback_cdx
suspilne,https://suspilne.media/640694-nimeckij-rozrobnik-softu-sap-nadast-ukraini-tehnologicnu-pidtrimku-na-ponad-65-mln-evro-mincifra/,200,missing body or title,wayback_cdx
suspilne,https://suspilne.media/640752-pravoohoronci-dnipropetrovsini-povidomili-pro-pidozru-eksdirektoru-institutu-sudovih-ekspertiz-u-roztrati-330-tis-grn/,200,missing body or title,wayback_cdx
suspilne,https://suspilne.media/641846-u-mikolaevi-diti-pilgovih-kategorij-mozut-otrimati-novoricni-podarunki/,200,missing body or title,wayback_cdx
suspilne,https://suspilne.media/64191-dudku-aku-vigotovili-iz-zaliskiv-lesinogo-asena-peredali-u-volinskij-muzej/,200,missing body or title,wayback_cdx
suspilne,https://suspilne.media/642370-kradut-kviti-j-rusniki-psuut-prapori-u-kropivnickomu-prosat-posiliti-naglad-za-aleeu-pocesnih-pohovan/,200,missing body or title,wayback_cdx
suspilne,https://suspilne.media/642506-u-timcasovo-okupovanomu-genicesku-na-hersonsini-vijskovi-rf-utrimuut-zatrimanih-ludej-v-ucilisi/,200,missing body or title,wayback_cdx
suspilne,https://suspilne.media/642802-pihota-pracue-ak-pogoda-vplivae-na-vedenna-boiv-na-avdiivskomu-napramku/,200,missing body or title,wayback_cdx
suspilne,https://suspilne.media/643086-vikoristovuvatimut-vzimku-i-vlitku-u-novgorodi-siverskomu-dla-rozcisuvanna-dorig-vid-snigu-pridbali-persij-grejder/,200,missing body or title,wayback_cdx
suspilne,https://suspilne.media/643416-colovikovi-akij-u-poltavi-namagavsa-zgvaltuvati-zinku-obrali-zapobiznij-zahid-akij/,200,missing body or title,wayback_cdx
suspilne,https://suspilne.media/643482-u-kiivstaru-znovu-pereboi-zi-zvazkom-ci-poznacaetsa-ce-na-zitelah-kirovogradsini/,200,missing body or title,wayback_cdx
suspilne,https://suspilne.media/643612-2023-suticka-vijskovogo-i-svasennika-v-hmelnickomu-sobori-so-zasuvali-za-rik/,200,missing body or title,wayback_cdx
suspilne,https://suspilne.media/643740-diplom-alma-advokatlar-isgal-etilgen-qirimda-cemaat-imayecileri-mektebi-nasil-calisa/,200,missing body or title,wayback_cdx
suspilne,https://suspilne.media/643802-majze-600-uridicnih-spozivaciv-vinniccini-borguut-za-elektroenergiu-kogo-mozut-vidkluciti-za-nesplatu/,200,missing body or title,wayback_cdx
suspilne,https://suspilne.media/643866-vijskovim-aki-rozkladali-palne-na-avorivskomu-poligoni-vinesli-virok/,200,missing body or title,wayback_cdx
suspilne,https://suspilne.media/643970-na-doneccini-zaginuv-vijskovosluzbovec-z-ivano-frankivsini-mihajlo-glibcuk/,403,,wayback_cdx
suspilne,https://suspilne.media/644100-u-hmelnickomu-nadijslo-povidomlenna-pro-zaminuvanna-torgovogo-centru-oazis/,200,missing body or title,wayback_cdx
suspilne,https://suspilne.media/644170-nicna-robota-ppo-ta-nova-partia-zbroi-dla-rosii-vid-kndr-golovni-novini-ranku-21-grudna/,200,missing body or title,wayback_cdx
suspilne,https://suspilne.media/644200-cerez-dtp-na-zitomirsini-uskladnenij-ruh-v-napramku-rivnogo/,200,missing body or title,wayback_cdx
suspilne,https://suspilne.media/644806-verhovna-rada-legalizuvala-medicnij-kanabis-ak-za-ce-golosuvali-deputati-z-cernigivsini/,200,missing body or title,wayback_cdx
suspilne,https://suspilne.media/645126-bula-za-krok-do-smerti-lucanci-zrobili-peresadku-serca/,200,missing body or title,wayback_cdx
suspilne,https://suspilne.media/645418-krimska-partizani-zafiksuvali-perekidanna-sau-v-evpatorii/,200,missing body or title,wayback_cdx
suspilne,https://suspilne.media/645580-zustriv-brata-bila-bahmuta-istoria-bijca-na-psevdo-cigan-z-volinskoi-brigadi-teroboroni/,200,missing body or title,wayback_cdx
suspilne,https://suspilne.media/645780-vratuvav-bagatoh-voiniv-ivan-kratasuk-z-lvivsini-otrimav-nagorodu-zaluznogo/,200,missing body or title,wayback_cdx
suspilne,https://suspilne.media/646110-na-odesini-cerez-ataku-rf-bez-elektroenergii-zalisilos-cotiri-tisaci-rodin-narazi-svitlo-povernuli/,200,missing body or title,wayback_cdx
suspilne,https://suspilne.media/646540-rf-zavela-vsi-korabli-u-cornomu-mori-do-misc-bazuvanna/,200,missing body or title,wayback_cdx
suspilne,https://suspilne.media/646610-rizdvana-zirka-saj-zsu-dopomagaj-u-gromadi-na-dnipropetrovsini-provodat-blagodijnij-festival-ak-dolucitisa/,200,missing body or title,wayback_cdx
suspilne,https://suspilne.media/646802-u-na-shodi-armii-rf-zmensila-kilkist-sturmiv-usudi-okrim-kupanskogo-napramku/,200,missing body or title,wayback_cdx
suspilne,https://suspilne.media/647100-na-cerkasini-colovik-do-smerti-zabiv-pensionera/,200,missing body or title,wayback_cdx
suspilne,https://suspilne.media/647896-u-mukacevi-diti-zakoladuvali-dla-zsu-ponad-6-tisac-griven/,200,missing body or title,wayback_cdx
suspilne,https://suspilne.media/648032-ukraina-unikatime-vtaguvanna-u-peredviborci-peregoni-v-ssa-dmitro-kuleba/,200,missing body or title,wayback_cdx
suspilne,https://suspilne.media/648764-cini-zrosli-na-30-skilki-kostuut-alinki-naperedodni-novogo-roku-u-dnipri-ta-ci-zmensivsa-popit/,200,missing body or title,wayback_cdx
suspilne,https://suspilne.media/648832-urad-zatverdiv-nacionalnu-strategiu-dohodiv-na-2024-2030-roki/,200,missing body or title,wayback_cdx
suspilne,https://suspilne.media/649278-na-lvivsini-vodij-naihav-na-pisohoda-i-vtik-iz-misca-podii/,200,missing body or title,wayback_cdx
suspilne,https://suspilne.media/649340-na-cerkasini-colovik-loviv-ribu-sitkami-ta-zavdav-zbitkiv-na-100-tisac-griven/,200,missing body or title,wayback_cdx
suspilne,https://suspilne.media/649728-na-borsagivci-v-kievi-zatrimuetsa-ruh-svidkisnih-tramvaiv-aka-pricina/,200,missing body or title,wayback_cdx
suspilne,https://suspilne.media/650546-rosijski-vijskovi-vdruge-za-den-obstrilali-kurahivsku-gromadu-na-doneccini-so-vidomo/,200,missing body or title,wayback_cdx
suspilne,https://suspilne.media/651128-u-harkovi-prolunali-vibuhi-rosia-zavdala-udariv-vranci-2-sicna/,200,missing body or title,wayback_cdx
suspilne,https://suspilne.media/651654-izrail-zaaviv-pro-pocatok-vivedenna-5-brigad-iz-sektoru-gazi/,200,missing body or title,wayback_cdx
suspilne,https://suspilne.media/651718-u-hmelnickomu-sukaut-specialistiv-z-reabilitacii/,200,missing body or title,wayback_cdx
suspilne,https://suspilne.media/651818-na-mikolaivsini-poprosautsa-iz-zagiblim-ukrainskim-voinom/,200,missing body or title,wayback_cdx
suspilne,https://suspilne.media/651850-gromada-na-rivnensini-dla-gramot-i-podak-vikoristovuvatime-srift-vola-akij-rozrobiv-nil-hasevic/,200,missing body or title,wayback_cdx
suspilne,https://suspilne.media/652146-v-bou-na-hersonsini-zaginuv-matros-z-hmelniccini-mihajlo-sergijcuk/,403,,wayback_cdx
suspilne,https://suspilne.media/653004-v-odesi-ne-vistacae-vodiiv-na-miski-avtobusi-cerez-mobilizaciu-u-miskradi-gotovi-navcati-zinok/,200,missing body or title,wayback_cdx
suspilne,https://suspilne.media/653478-snig-perejde-u-mokrij-dos-ziteliv-kiivsini-poperedzaut-pro-ozeledicu/,200,missing body or title,wayback_cdx
suspilne,https://suspilne.media/653596-u-kievi-zbilsilasa-kilkist-poterpilih-cerez-raketnu-ataku-rf-29-grudna/,200,missing body or title,wayback_cdx
suspilne,https://suspilne.media/653854-lvivski-prikordonniki-viavili-u-semi-zinok-31-smartfon/,200,missing body or title,wayback_cdx
suspilne,https://suspilne.media/654018-nazk-vneslo-viciunai-group-do-pereliku-miznarodnih-sponsoriv-vijni/,200,missing body or title,wayback_cdx
suspilne,https://suspilne.media/654906-pereviz-rodinu-iz-okupovanoi-hersonsini-ta-mriav-stati-restoratorom-zitomir-poprosavsa-iz-zagiblim-voinom/,403,,wayback_cdx
suspilne,https://suspilne.media/656352-armia-rf-9-raziv-za-dobu-obstrilala-doneccinu-policia/,200,missing body or title,wayback_cdx
suspilne,https://suspilne.media/656750-milard-zbitkiv-derzavi-ta-zolotij-vagon-so-vidomo-pro-zatrimanogo-biznesmena-grinkevica-i-jogo-rodinu/,200,missing body or title,wayback_cdx
suspilne,https://suspilne.media/656842-mi-todi-popadali-hto-kudi-ziteli-krolevca-na-sumsini-pro-naslidki-raketnogo-udaru/,200,missing body or title,wayback_cdx
suspilne,https://suspilne.media/657196-sonajmense-41-vijskovogo-rf-z-krimu-vzali-v-polon-sili-oboroni-ukraini/,200,missing body or title,wayback_cdx
suspilne,https://suspilne.media/657356-frankivsina-vtratila-na-vijni-troh-bijciv-volodimira-kozlovskogo-volodimira-mikituka-j-stepana-palijcuka/,403,,wayback_cdx
suspilne,https://suspilne.media/657486-bila-smitnika-na-odnij-z-vulic-u-lucku-vstanovili-kameru-sposterezenna-dla-cogo/,200,missing body or title,wayback_cdx
suspilne,https://suspilne.media/657768-u-kropivnickomu-poprosalis-iz-bijcami-valeriem-leontevim-oleksandrom-kovalenkom-ta-oleksandrom-davidenkom/,403,,wayback_cdx
suspilne,https://suspilne.media/658122-planseti-ta-mebli-dla-navcanna-pat-skil-u-cerkasah-otrimali-dopomogu-z-nimeccini/,200,missing body or title,wayback_cdx
suspilne,https://suspilne.media/658326-kolisnij-rektor-ternopilskogo-visu-vidznaciv-95-rokiv/,200,missing body or title,wayback_cdx
suspilne,https://suspilne.media/658486-u-kropivnickomu-prosat-vikidati-alinki-z-15-sicna-kudi-same/,200,missing body or title,wayback_cdx
suspilne,https://suspilne.media/658608-u-zlovzivanni-sluzbovim-stanovisem-pidozruut-inspektora-mitnogo-posta-romni-na-sumsini/,200,missing body or title,wayback_cdx
suspilne,https://suspilne.media/658676-u-dnipri-deaki-budinki-budut-bez-elektroenergii-adresi/,200,missing body or title,wayback_cdx
suspilne,https://suspilne.media/659640-ponad-150-kabiv-skinulo-vijsko-rf-na-avdiivku-vid-pocatku-roku-barabas/,200,missing body or title,wayback_cdx
suspilne,https://suspilne.media/660668-sili-oboroni-znisili-rosijski-stanciu-radioelektronnoi-borotbi-ta-punkt-upravlinna-bpla-na-livoberezzi-hersonsini/,200,missing body or title,wayback_cdx
suspilne,https://suspilne.media/660916-wsj-izrail-planue-vzati-pid-kontrol-kordon-miz-sektorom-gazi-ta-egiptom/,200,missing body or title,wayback_cdx
suspilne,https://suspilne.media/661076-snig-ozeledica-porivi-vitru-prognoz-pogodi-u-harkovi-ta-oblasti-15-17-sicna/,200,missing body or title,wayback_cdx
suspilne,https://suspilne.media/662074-na-zakarpatti-zatrimali-5-colovikiv-pri-sprobi-nezakonno-potrapiti-do-krain-es/,200,missing body or title,wayback_cdx
suspilne,https://suspilne.media/662210-pid-vognem-armii-rf-buli-tri-gromadi-sumsini/,200,missing body or title,wayback_cdx
suspilne,https://suspilne.media/662246-v-zameti-na-volini-zastrag-avtobus-z-pasazirami-ta-avtomobil/,200,missing body or title,wayback_cdx
suspilne,https://suspilne.media/662572-zvernenna-zelenskogo-na-forumi-u-davosi-suspilne-videonovini/,200,missing body or title,wayback_cdx
suspilne,https://suspilne.media/663350-nervovi-rozladi-j-zagostrenna-hvorob-ak-uberegti-sobak-pid-cas-trivogi-rozpovili-hmelnicki-kinologi/,200,missing body or title,wayback_cdx
suspilne,https://suspilne.media/663450-na-cernigivsini-zaversuut-budivnictvo-protiradiacijnogo-ukritta-u-licei-za-133-mln-grn/,200,missing body or title,wayback_cdx
suspilne,https://suspilne.media/663824-parlament-slovaccini-dozvoliv-minoboroni-eksport-zbroi-zokrema-j-v-ukrainu-politico/,200,missing body or title,wayback_cdx
suspilne,https://suspilne.media/663984-u-kievi-ponad-pivtori-tisaci-pereselenciv-otrimali-produktovi-nabori/,200,missing body or title,wayback_cdx
suspilne,https://suspilne.media/664210-na-cernigivsini-zakladam-torgivli-ta-harcuvanna-dozvolili-ranise-prodavati-alkogol/,200,missing body or title,wayback_cdx
suspilne,https://suspilne.media/664278-u-elizavetivci-na-pozezi-zaginula-zinka-ziteli-sela-samotuzki-priborkali-vogon/,200,missing body or title,wayback_cdx
suspilne,https://suspilne.media/665088-vnoci-do-10-morozu-aku-pogodu-ocikuvati-najblizcimi-dnami-na-rivnensini/,200,missing body or title,wayback_cdx
suspilne,https://suspilne.media/665320-u-stolici-zavilasa-vulica-na-cest-privida-kieva/,200,missing body or title,wayback_cdx
suspilne,https://suspilne.media/665416-nihto-ne-viriv-so-alfa-stane-na-lapi-istoria-sobaki-akogo-vratuvali-vijskovi-na-fronti/,200,missing body or title,wayback_cdx
suspilne,https://suspilne.media/666696-v-uzgorodi-prosatimutsa-z-poleglim-zahisnikom-anatoliem-sinkevicem/,200,missing body or title,wayback_cdx
suspilne,https://suspilne.media/667376-vijska-rf-za-dobu-skinuli-15-kabiv-na-naseleni-punkti-hersonsini-v-odnomu-z-nih-poranenij-colovik/,200,missing body or title,wayback_cdx
suspilne,https://suspilne.media/668600-buv-napidpitku-u-kropivnickomu-vodij-viihav-za-mezi-dorogi-ta-naihav-na-elektrooporu/,200,missing body or title,wayback_cdx
suspilne,https://suspilne.media/668870-stala-vidoma-pricina-avarijnoi-situacii-v-tuneli-miz-stanciami-demiivska-libidska/,200,missing body or title,wayback_cdx
suspilne,https://suspilne.media/669420-ukraina-posmertno-nagorodila-zagiblogo-britanskogo-volontera-krisa-perri/,200,missing body or title,wayback_cdx
suspilne,https://suspilne.media/669690-u-zaporizzi-vidkrivsa-centr-veteranskogo-rozvitku/,200,missing body or title,wayback_cdx
suspilne,https://suspilne.media/669720-u-borispilskomu-rajoni-cerez-pozezu-v-privatnomu-budinku-zaginuv-colovik/,200,missing body or title,wayback_cdx
suspilne,https://suspilne.media/670370-istorii-pro-vijnu-zinocu-silu-ta-smilivist-u-stolici-prezentuvali-knigu-kiiv-zinki-vijna/,200,missing body or title,wayback_cdx
suspilne,https://suspilne.media/67063-poperedu-himioterapia-lucenko-rozpoviv-pro-likuvanna-vid-onkologii/,200,missing body or title,wayback_cdx
suspilne,https://suspilne.media/671362-rosijska-armia-zavdala-raketnogo-udaru-po-mirnogradu/,200,missing body or title,wayback_cdx
suspilne,https://suspilne.media/672686-reforma-nus-u-dubni-na-rivnensini-batki-obrali-majbutnij-akademicnij-licej/,200,missing body or title,wayback_cdx
suspilne,https://suspilne.media/672858-u-mariupoli-okupanti-povertaut-komsomolskij-ruh-bojcenko/,200,missing body or title,wayback_cdx
suspilne,https://suspilne.media/673158-komandir-viddilenna-snajperiv-rozpoviv-pro-navcanna-bijciv-na-sumsini-suspilne-videonovini/,200,missing body or title,wayback_cdx
suspilne,https://suspilne.media/673362-na-doneccini-za-dobu-odna-ludina-zaginula-devatero-poraneni/,200,missing body or title,wayback_cdx
suspilne,https://suspilne.media/673550-na-hmelniccini-poprosalis-z-molodsim-serzantom-pavlom-gedzukom/,403,,wayback_cdx
suspilne,https://suspilne.media/673588-na-kirovogradsini-smt-stali-selisami-so-zminitsa-dla-ih-ziteliv/,200,missing body or title,wayback_cdx
suspilne,https://suspilne.media/673780-uvelirni-virobi-druzini-ta-kompensacia-proizdu-ukrainou-so-zadeklaruvali-nardepi-verhovnoi-radi-ukraini-z-bukovini/,200,missing body or title,wayback_cdx
suspilne,https://suspilne.media/673866-na-odesini-posadovec-migracijnoi-sluzbi-vimagav-habari-za-pidtverdzenna-gromadanstva-sbu/,200,missing body or title,wayback_cdx
suspilne,https://suspilne.media/675204-v-energosistemi-deficitu-nemae-cerez-obstrili-e-poskodzenna-u-merezah-cotiroh-oblastej-ukrenergo/,200,missing body or title,wayback_cdx
suspilne,https://suspilne.media/675342-u-cornomu-ta-azovskomu-morah-perebuvae-tri-rosijski-korabli-bez-raketonosiiv-gumenuk/,200,missing body or title,wayback_cdx
suspilne,https://suspilne.media/675442-vin-mriav-stati-desantnikom-pro-zagiblogo-bijca-z-mikolaeva-rozpovili-jogo-ridni-ta-druzi/,403,,wayback_cdx
suspilne,https://suspilne.media/675734-nalagodiv-shemu-oderzanna-habara-na-cerkasini-derzsluzbovec-otrimav-pidozru/,200,missing body or title,wayback_cdx
suspilne,https://suspilne.media/675904-kinolog-z-hmelniccini-stepan-vakulenko-rozpoviv-pro-robotu-iz-sobakou-saperom-ossom/,200,missing body or title,wayback_cdx
suspilne,https://suspilne.media/676682-na-doneccini-pid-cas-pozezi-zaginuli-troe-ludej-sered-nih-odna-ditina/,200,missing body or title,wayback_cdx
suspilne,https://suspilne.media/677372-v-avarii-na-hmelniccini-travmuvalas-44-ricna-zinka/,200,missing body or title,wayback_cdx
suspilne,https://suspilne.media/677854-rosijski-udari-po-vorozbi-na-sumsini-so-vidomo-pro-stan-poranenih/,200,missing body or title,wayback_cdx
suspilne,https://suspilne.media/678228-18-ziteliv-irpinskoi-gromadi-otrimaut-grosi-na-zvedenna-novih-budinkiv-na-misci-zrujnovanogo-zitla/,200,missing body or title,wayback_cdx
suspilne,https://suspilne.media/678258-na-sumsini-bude-ozeled-mokrij-snig-i-porivi-vitru/,200,missing body or title,wayback_cdx
suspilne,https://suspilne.media/679230-zaluznij-nagorodiv-zolotim-hrestom-voina-z-ivano-frankivsini-lubomira-oleskiva/,200,missing body or title,wayback_cdx
suspilne,https://suspilne.media/679332-v-ohtirci-na-sumsini-pohovali-gvardijca-mikolu-sidorenka/,403,,wayback_cdx
suspilne,https://suspilne.media/679752-na-cerkasini-ridni-poleglih-vijskovih-otrimali-nagorodi/,200,missing body or title,wayback_cdx
suspilne,https://suspilne.media/680110-golovnogo-serzanta-z-vinniccini-nagorodili-stalevim-hrestom/,200,missing body or title,wayback_cdx
suspilne,https://suspilne.media/680560-oboronca-z-vinniccini-nagorodili-zolotim-hrestom/,200,missing body or title,wayback_cdx
suspilne,https://suspilne.media/681562-u-kalusi-na-frankivsini-vidkrili-anotacijni-doski-poleglim-voinam-romanu-melniku-j-tarasovi-fedornaku/,403,,wayback_cdx
suspilne,https://suspilne.media/681910-volonteri-evakuuvali-cotiroh-ludej-26-kotiv-ta-pat-sobak-z-berislava-na-hersonsini/,200,missing body or title,wayback_cdx
suspilne,https://suspilne.media/682320-u-sevastopoli-vnaslidok-pozezi-u-kvartiri-zaginuv-colovik/,200,missing body or title,wayback_cdx
suspilne,https://suspilne.media/682418-zelenskij-pidpisav-zakoni-pro-prodovzenna-voennogo-stanu-ta-mobilizacii/,200,missing body or title,wayback_cdx
suspilne,https://suspilne.media/682862-ciselnist-ne-vidnovluetsa-popri-zaboronu-na-poluvanna-na-zitomirsini-trivaut-zahodi-z-obliku-mislivskih-tvarin/,200,missing body or title,wayback_cdx
suspilne,https://suspilne.media/682930-evidnovlenna-u-makarivskij-gromadi-blizko-tisaci-ziteliv-otrimaut-kompensacii-za-znisene-zitlo/,200,missing body or title,wayback_cdx
suspilne,https://suspilne.media/682970-kiani-prosat-dozvoliti-izditi-v-metro-z-sobakami/,200,missing body or title,wayback_cdx
suspilne,https://suspilne.media/683472-z-15-lutogo-na-hmelniccini-diatime-zaborona-na-vilov-suki-v-comu-pricina/,200,missing body or title,wayback_cdx
suspilne,https://suspilne.media/683700-zitela-starogo-bilousa-so-na-cernigivsini-obvinuvacuut-u-spivpraci-z-rosianami/,200,missing body or title,wayback_cdx
suspilne,https://suspilne.media/684002-stvorue-fejki-ta-vidbilue-okupantiv-golovnij-redaktorci-telekanalu-doneckogo-telekanalu-ogolosili-pro-pidozru/,200,missing body or title,wayback_cdx
suspilne,https://suspilne.media/684126-za-kolaboracionizm-suditimut-vismoh-psevdopravoohoronciv-hersona/,200,missing body or title,wayback_cdx
suspilne,https://suspilne.media/684418-na-hmelniccini-zavitsa-dodatkova-platizka-za-gaz-za-so-platitimut-spozivaci/,200,missing body or title,wayback_cdx
suspilne,https://suspilne.media/684492-kirovogradsina-ak-otrimati-posvidcenna-vodia-ludam-z-invalidnistu/,200,missing body or title,wayback_cdx
suspilne,https://suspilne.media/685180-podekudi-vidhid-na-bils-vigidni-pozicii-podekudi-vidbivanna-pozicij-recnik-osuv-tavria-pro-boi-za-avdiivku/,200,missing body or title,wayback_cdx
suspilne,https://suspilne.media/685280-u-frankivsku-studenti-odnogo-z-ucilis-stvoruut-burzujki-dla-ukrainskih-vijskovih/,200,missing body or title,wayback_cdx
suspilne,https://suspilne.media/685314-stezenna-za-bihusinfo-sbu-povidomila-so-figuranti-rozsliduvanna-vze-vouut/,200,missing body or title,wayback_cdx
suspilne,https://suspilne.media/685806-na-hmelniccini-trom-simam-zagiblih-vijskovih-peredali-derzavni-nagorodi/,200,missing body or title,wayback_cdx
suspilne,https://suspilne.media/686308-vcitel-roku-2024-na-rivnensini-viznacili-peremozciv-konkursu/,200,missing body or title,wayback_cdx
suspilne,https://suspilne.media/686448-ukrzaliznica-vivodit-na-kolii-se-4-medicni-vagoni-dla-evakuacii-poranenih-bijciv-zsu/,200,missing body or title,wayback_cdx
suspilne,https://suspilne.media/686644-vnoci-u-zaporizzi-stalasa-pozeza-dsns/,200,missing body or title,wayback_cdx
suspilne,https://suspilne.media/686782-vnaslidok-avarii-u-dniprovskomu-rajoni-v-avtivci-zatislo-ditinu/,200,missing body or title,wayback_cdx
suspilne,https://suspilne.media/687600-u-seli-gerina-na-frankivsini-lisica-napala-na-sobaku-v-utmr-zaklikali-vakcinuvati-domasnih-tvarin-proti-skazu/,200,missing body or title,wayback_cdx
suspilne,https://suspilne.media/687768-za-dekilka-dniv-do-povnomasstabnogo-vtorgnenna-istoria-stvorenna-hmelnickoi-alei-geroiv/,200,missing body or title,wayback_cdx
suspilne,https://suspilne.media/689288-deputati-ivano-frankivskoi-miskradi-zvernulisa-do-kabminu-sob-prodovziti-socialni-viplati-dla-pereselenciv/,200,missing body or title,wayback_cdx
suspilne,https://suspilne.media/689324-udar-nozem-u-serce-na-poltavsini-zasudili-colovika-akij-ubiv-brata/,200,missing body or title,wayback_cdx
suspilne,https://suspilne.media/689434-evakuacia-iz-prifrontovih-rajoniv-na-zitomirsinu-pribuv-cergovij-potag-iz-pereselencami/,200,missing body or title,wayback_cdx
suspilne,https://suspilne.media/690520-na-vijni-zaginuv-zakarpatec-sergij-logojda/,403,,wayback_cdx
suspilne,https://suspilne.media/690930-na-zakarpatti-u-ricci-tisa-znajsli-tilo-colovika-2/,200,missing body or title,wayback_cdx
suspilne,https://suspilne.media/691128-na-zakarpatti-zatrimali-prikordonnika-za-pidozrou-v-oderzanni-habara/,200,missing body or title,wayback_cdx
suspilne,https://suspilne.media/691162-do-12-rokiv-zasudili-zitela-severodonecka-akogo-zaverbuvalo-mdb-lnr/,200,missing body or title,wayback_cdx
suspilne,https://suspilne.media/691434-u-zitomiri-poprosalisa-z-vijskovim-ruslanom-kalininim-akij-zaginuv-u-boah-za-ukrainu/,403,,wayback_cdx
suspilne,https://suspilne.media/691866-300-zagiblih-civilnih-vtrati-ta-najbilsi-ataki-armii-rf-po-dnipropetrovsini-za-dva-roki-povnomasstabnoi-vijni/,200,missing body or title,wayback_cdx
suspilne,https://suspilne.media/691970-porivi-vitru-ta-bez-opadiv-pogoda-u-doneckij-oblasti-25-ta-26-lutogo/,200,missing body or title,wayback_cdx
suspilne,https://suspilne.media/692538-v-odesi-cerez-jmovirnij-pidpal-gorila-kvartira-do-likarni-zabrali-divcinu/,200,missing body or title,wayback_cdx
suspilne,https://suspilne.media/692838-negoda-na-zitomirsini-u-gromadi-dereva-ponivecili-mogili-na-kladovisi/,200,missing body or title,wayback_cdx
suspilne,https://suspilne.media/693420-duda-spodivausa-so-nevdovzi-zmozemo-pidgotuvati-znacni-postavki-boepripasiv-dla-ukraini/,200,missing body or title,wayback_cdx
suspilne,https://suspilne.media/693526-deficitu-elektroenergii-v-energosistemi-ukraini-nemae-minenergo/,200,missing body or title,wayback_cdx
suspilne,https://suspilne.media/693786-rf-vikoristovue-rekordnu-kilkist-rozviduvalnih-droniv-na-linii-frontu-ignat/,200,missing body or title,wayback_cdx
suspilne,https://suspilne.media/694084-sonacno-ta-bez-opadiv-pogoda-v-okupovanomu-krimu-na-27-lutogo/,200,missing body or title,wayback_cdx
suspilne,https://suspilne.media/694270-idi-za-ptaskou-bijci-10-brigadi-za-dopomogou-drona-vzali-v-polon-vijskovogo-rf/,200,missing body or title,wayback_cdx
suspilne,https://suspilne.media/694826-u-rosijsko-ukrainskij-vijni-zaginuv-vijskovij-sergij-osadcuk-z-hmelniccini/,403,,wayback_cdx
suspilne,https://suspilne.media/695682-ce-minireanimacia-specavtomobil-dla-perevezenna-novonarodzenih-otrimali-likari-poltavsini/,200,missing body or title,wayback_cdx
suspilne,https://suspilne.media/695782-vidstoronenij-vid-posadi-miskogo-golovi-sum-oleksandr-lisenko-podav-pozov-do-sudu-pro-ponovlenna-jogo-na-posadi/,200,missing body or title,wayback_cdx
suspilne,https://suspilne.media/696332-kniga-sumskogo-pismennika-vladislava-ivcenka-potrapila-do-rejtingu-kniga-roku-2023/,200,missing body or title,wayback_cdx
suspilne,https://suspilne.media/697330-ne-movci-polon-vbivae-ridni-vijskovopolonenih-u-cerkasah-organizuvali-avtoprobig/,200,missing body or title,wayback_cdx
suspilne,https://suspilne.media/697364-treta-vesna-v-poloni-rodici-vijskovopolonenih-vijsli-na-akciu-v-kievi/,200,missing body or title,wayback_cdx
suspilne,https://suspilne.media/698090-nicni-morozi-povertautsa-akou-bude-pogoda-na-volini-do-kinca-tizna/,200,missing body or title,wayback_cdx
suspilne,https://suspilne.media/698682-kian-aki-maut-zaborgovanist-za-komirne-zaklikaut-uklasti-dogovir-restrukturizacii-ak-ce-zrobiti/,200,missing body or title,wayback_cdx
suspilne,https://suspilne.media/699000-domasne-nasilstvo-u-kievi-zrostae-kilkist-zvernen-vid-molodih-mam-iz-ditmi-do-roku/,200,missing body or title,wayback_cdx
suspilne,https://suspilne.media/699734-ne-ucbovij-a-navcalnij-na-kirovogradsini-avtoskoli-ta-servisni-centri-zaminat-znak-na-avto-z-u-na-n/,200,missing body or title,wayback_cdx
suspilne,https://suspilne.media/699864-proveli-tender-nastupnogo-dna-pocalasa-vijna-comu-u-skoli-na-bukovini-ne-mozut-oblastuvati-dostatno-vbiralen/,200,missing body or title,wayback_cdx
suspilne,https://suspilne.media/700238-u-cerkaskij-oblasti-znajsli-dilanku-iz-cervonokniznimi-roslinami/,200,missing body or title,wayback_cdx
suspilne,https://suspilne.media/700926-poperedzali-pro-raketu-na-kirovogradsini-bulo-cuti-zvuki-vibuhiv/,200,missing body or title,wayback_cdx
suspilne,https://suspilne.media/701530-kava-z-aromatom-peremogi-hersonskij-teatr-prezentuvav-koncertnu-programu/,200,missing body or title,wayback_cdx
suspilne,https://suspilne.media/702078-zitta-vratuvali-pobratimi-istoria-bijca-z-ternopilsini-dmitra-harcuka/,200,missing body or title,wayback_cdx
suspilne,https://suspilne.media/702512-ce-signal-ludam-v-okupacii-so-voni-ne-pokinuti-natala-gumenuk-pro-placdarm-na-livomu-berezi-hersonsini/,200,missing body or title,wayback_cdx
suspilne,https://suspilne.media/702784-v-avarii-na-lvivsini-travmuvalosa-tvoe-nepovnolitnih-vodij-buv-netverezij/,200,missing body or title,wayback_cdx
suspilne,https://suspilne.media/702948-vtrati-volini-stalo-vidomo-pro-zagibel-se-dvoh-vijskovih/,200,missing body or title,wayback_cdx
suspilne,https://suspilne.media/703374-zsu-znisili-rosijskij-punkt-upravlinna-olesuk-pokazav-video/,200,missing body or title,wayback_cdx
suspilne,https://suspilne.media/703404-sili-specialnih-operacij-znisili-rosijskij-kompleks-elektronnoi-rozvidki-palantin-na-zaporizkomu-napramku/,200,missing body or title,wayback_cdx
suspilne,https://suspilne.media/704648-bila-cerkva-vidilit-ponad-34-mln-grn-na-zmicnenna-oboronozdatnosti-na-so-spramuut-kosti/,200,missing body or title,wayback_cdx
suspilne,https://suspilne.media/704812-viprobovuvav-pistolet-u-mikolaevi-policejski-povidomili-pro-pidozru-coloviku-za-strilaninu-u-misti/,200,missing body or title,wayback_cdx
suspilne,https://suspilne.media/705494-u-kogo-ta-na-skilki-v-berezni-zrostut-pensii-poasnenna-pensijnogo-fondu-cerniveckoi-oblasti/,200,missing body or title,wayback_cdx
suspilne,https://suspilne.media/70591-rivne-i-oblast-osvitani-poasnili-koli-kanikuli/,200,missing body or title,wayback_cdx
suspilne,https://suspilne.media/706288-u-rosii-rozpocalosa-tridenne-golosuvanna-na-viborah-prezidenta/,403,,wayback_cdx
suspilne,https://suspilne.media/706520-vsesvitnij-den-ludej-z-sindromom-dauna-u-rivnomu-provedut-flesmob-lots-of-socks/,200,missing body or title,wayback_cdx
suspilne,https://suspilne.media/706554-rf-na-fermerskih-protestah-v-es-bilij-prapor-vid-papi-astrub-makron-so-pisali-pro-ukrainu-zakordonni-zmi/,200,missing body or title,wayback_cdx
suspilne,https://suspilne.media/706828-na-vijni-zaginuv-vijskovosluzbovec-z-ivano-frankivsini-vitalij-zinak/,200,missing body or title,wayback_cdx
suspilne,https://suspilne.media/707056-ternopilski-ratuvalniki-peredali-pozeznij-avtomobil-kolegam-z-odesi/,200,missing body or title,wayback_cdx
suspilne,https://suspilne.media/707094-sproba-samogubstva-pid-cas-perebuvanna-u-tck-na-zakarpatti-provoditsa-sluzbova-perevirka/,403,,wayback_cdx
suspilne,https://suspilne.media/707540-vidklucenna-elektroenergii-u-zaporizzi-17-berezna-adresi-budinkiv/,200,missing body or title,wayback_cdx
suspilne,https://suspilne.media/707738-boec-odniei-z-brigad-teroboroni-dnipropetrovsini-otrimav-medal-za-horobrist-u-bou/,200,missing body or title,wayback_cdx
suspilne,https://suspilne.media/708030-kiivsina-i-stat-vasington-pidpisali-memorandum-pro-spivpracu-kravcenko/,200,missing body or title,wayback_cdx
suspilne,https://suspilne.media/708304-vimagala-habara-za-orendu-primisenna-stolicnij-posadovici-ogolosili-pidozru/,200,missing body or title,wayback_cdx
suspilne,https://suspilne.media/708344-u-dniprovskomu-rajoni-kieva-bezkostovno-sterilizuvatimut-bezpritulnih-tvarin/,200,missing body or title,wayback_cdx
suspilne,https://suspilne.media/708706-sirskij-zastosuvanna-bezpilotnih-sistem-mij-prioritet/,200,missing body or title,wayback_cdx
suspilne,https://suspilne.media/708738-na-vijni-v-ukraini-rf-vtratila-ponad-432-tisaci-vijskovih-genstab/,200,missing body or title,wayback_cdx
suspilne,https://suspilne.media/709576-podrobici-bijki-z-vijskovim-na-levadi-u-poltavi-so-stalosa/,403,,wayback_cdx
suspilne,https://suspilne.media/710048-na-zupinkah-gromadskogo-transportu-u-cernigovi-vstanovili-modulni-ukritta/,200,missing body or title,wayback_cdx
suspilne,https://suspilne.media/710728-rada-posilila-soczahist-vijskovosluzbovciv-ta-policejskih/,200,missing body or title,wayback_cdx
suspilne,https://suspilne.media/710992-so-zadeklaruvali-miski-golovi-dolini-ta-nadvirnoi-ivan-diriv-j-zinovij-andrijovic/,200,missing body or title,wayback_cdx
suspilne,https://suspilne.media/711068-nelli-cukanivska-z-dnipropetrovsini-vigrala-zmaganna-z-hajdajvingu-v-horvatii/,200,missing body or title,wayback_cdx
suspilne,https://suspilne.media/711268-cerez-raketni-udari-po-obektah-infrastrukturi-na-sumsini-vvodat-grafiki-avarijnih-vidklucen-svitla/,404,,wayback_cdx
suspilne,https://suspilne.media/712384-vidbudova-budinkiv-i-skil-ta-stvorenna-reabilitacijnogo-centru-fond-hansena-iz-ssa-planue-kilka-proektiv-na-kiivsini/,200,missing body or title,wayback_cdx
suspilne,https://suspilne.media/712460-paralimpiec-legkoatlet-iz-volini-gotuetsa-do-zdobutta-olimpijskoi-licenzii/,200,missing body or title,wayback_cdx
suspilne,https://suspilne.media/712836-u-vinnici-vperse-prezentuvali-plativku-iz-nu-jorkskim-zapisom-sedrika-1922-roku/,200,missing body or title,wayback_cdx
suspilne,https://suspilne.media/713306-majze-20-rokiv-bez-remontu-ci-polagodat-dorogi-na-trutovskogo-ta-gorodeckij-u-lucku/,200,missing body or title,wayback_cdx
suspilne,https://suspilne.media/713382-okupanti-peremisuut-vijskovi-skladi-z-krimu-ates/,200,missing body or title,wayback_cdx
suspilne,https://suspilne.media/713450-na-zitomirsini-svasennika-pidozruut-u-rozbesenni-nepovnolitnoi/,200,missing body or title,wayback_cdx
suspilne,https://suspilne.media/713598-u-lvivskij-gromadi-vstanovili-fotopastki-sob-fiksuvati-porusnikiv-aki-stvoruut-stihijni-smittezvalisa/,200,missing body or title,wayback_cdx
suspilne,https://suspilne.media/713724-ak-na-dnipropetrovsini-trenuut-sobak-posukovo-ratuvalnogo-zagonu-suspilne-videonovini/,200,missing body or title,wayback_cdx
suspilne,https://suspilne.media/714804-energetiki-dnipropetrovsini-vidnovili-elektropostacanna-dla-ponad-28-tis-rodin/,200,missing body or title,wayback_cdx
suspilne,https://suspilne.media/714880-sud-u-spravi-pracivnikiv-tck-v-ternopoli-comu-perenesli-zasidanna/,200,missing body or title,wayback_cdx
suspilne,https://suspilne.media/716146-na-lvivsini-avto-zbilo-dvoh-divcat-aki-ihali-na-samokati-odna-z-nih-zaginula/,200,missing body or title,wayback_cdx
suspilne,https://suspilne.media/716480-u-zaporizzi-trivaut-roboti-z-likvidacii-naslidkiv-rosijskoi-ataki-bezpilotnikiv-fotoreportaz/,200,missing body or title,wayback_cdx
suspilne,https://suspilne.media/717488-rosia-somisaca-nabirae-30-tisac-novih-soldativ-dla-vijni-proti-ukraini-britanska-rozvidka/,200,missing body or title,wayback_cdx
suspilne,https://suspilne.media/717856-basketbolistki-frankivsk-prikarpatta-cempionki-zinocoi-superligi-2023-2024/,200,missing body or title,wayback_cdx
suspilne,https://suspilne.media/718216-bila-ozera-na-osokorkah-likviduvali-zagoranna-travi/,200,missing body or title,wayback_cdx
suspilne,https://suspilne.media/719570-u-ternopoli-vidkrili-vistavku-portretiv-zagiblih-bijciv/,200,missing body or title,wayback_cdx
suspilne,https://suspilne.media/719608-u-doneckij-oblasti-zafiksuvali-najvisu-temperaturu-pereversivsi-rekord-1983-roku/,200,missing body or title,wayback_cdx
suspilne,https://suspilne.media/720326-na-kiivsini-pid-kolesami-potaga-zaginuv-colovik/,200,missing body or title,wayback_cdx
suspilne,https://suspilne.media/720512-troe-ratuvalnikiv-zaginuli-pid-cas-povtornogo-udaru-sahediv-po-harkovu/,200,missing body or title,wayback_cdx
suspilne,https://suspilne.media/720826-mi-ne-inzeneri-ne-specialisti-ak-volonteri-z-kolomijsini-vdoma-vigotovlaut-droni/,200,missing body or title,wayback_cdx
suspilne,https://suspilne.media/721390-ohocih-bulo-cimalo-skolari-pribrali-zapovidne-urocise-ozero-voronki-na-rivnensini/,200,missing body or title,wayback_cdx
suspilne,https://suspilne.media/722127-u-zaporizzi-zagorilasa-avtivka-travmovanih-nemae-dsns/,200,missing body or title,wayback_cdx
suspilne,https://suspilne.media/722225-remont-zaverseno-u-zaporizzi-vidnovluetsa-robota-cotiroh-tramvajnih-marsrutiv/,200,missing body or title,wayback_cdx
suspilne,https://suspilne.media/722373-rozkrali-ponad-12-mln-grn-pid-cas-zakupivli-zapcastin-dla-karet-svidkoi-u-kievi-eksposadovcam-ogolili-pro-novi-pidozri/,200,missing body or title,wayback_cdx
suspilne,https://suspilne.media/727079-vidklucenna-svitla-dla-pobutovih-spozivaciv-poki-ne-peredbacautsa-kudrickij/,200,missing body or title,wayback_cdx
suspilne,https://suspilne.media/727337-vze-vidomo-de-e-batarei-ppo-aki-mozna-peredati-ukraini-ih-navit-bilse-niz-100-kuleba/,200,missing body or title,wayback_cdx
suspilne,https://suspilne.media/74259-ukrainska-vakcina-vid-covid-19-projsla-viprobuvanna-na-zivih-klitinah-stepanov/,200,missing body or title,wayback_cdx
suspilne,https://suspilne.media/77133-u-cernigovi-protestuvali-proti-distancijnoi-osviti-u-skolah/,200,missing body or title,wayback_cdx
suspilne,https://suspilne.media/79340-v-harkivskij-obladministracii-ta-miskradi-prokomentuvali-vimogi-karantinu-vihidnogo-dna/,200,missing body or title,wayback_cdx
suspilne,https://suspilne.media/852295-oleksandr-ohrimenko-stav-novim-kombrigom-72-ombr-aka-zahisae-vugledar/,200,missing body or title,wayback_cdx
suspilne,https://suspilne.media/92424-stalo-vidomo-koli-miska-rada-harkova-zvernetsa-do-vr-sodo-priznacenna-novih-viboriv-mera/,403,,wayback_cdx
suspilne,https://suspilne.media/96288-znikauci-sela-rivnensini-perelisanka-v-akij-nihto-ne-zive/,200,missing body or title,wayback_cdx
suspilne,https://suspilne.media/97825-na-ternopilsini-vidpravili-panahidu-na-mogili-kiborga-vaceslava-melnika/,200,missing body or title,wayback_cdx
suspilne,https://suspilne.media/98137-evroparlament-zaklikav-kraini-es-vidmovitisa-vid-pivnicnogo-potoku-2/,200,missing body or title,wayback_cdx
suspilne,https://suspilne.media/98661-frankivskij-futzalnij-klub-uragan-peremig-kiivskij-hit/,200,missing body or title,wayback_cdx
ukrinform,https://www.ukrinform.ua/rubric-ato/3702901-vibuhi-v-pavlogradi-miska-vlada-kaze-so-himicna-nebezpeka-vidsutna.html,200,missing body or title,sitemap|v1_p0
ukrinform,https://www.ukrinform.ua/rubric-ato/3702927-rosiani-atakuvali-ukrainu-zi-strategicnoi-aviacii-vipustili-18-krilatih-raket-zaluznij.html,200,missing body or title,sitemap|v1_p0
ukrinform,https://www.ukrinform.ua/rubric-ato/3703227-na-avdiivskomu-ta-marinskomu-napramkah-vorog-vtrativ-bilse-roti-general-tarnavskij.html,200,missing body or title,sitemap|v1_p0
ukrinform,https://www.ukrinform.ua/rubric-ato/3703379-bilij-dim-anonsuvav-novij-paket-vijskovoi-dopomogi-ukraini.html,200,missing body or title,sitemap|v1_p0
ukrinform,https://www.ukrinform.ua/rubric-ato/3703758-prikordonniki-vidbili-ataku-u-bahmuti-rosiani-vidijsli-z-vtratami.html,200,missing body or title,sitemap|v1_p0
ukrinform,https://www.ukrinform.ua/rubric-ato/3704606-rosiani-zavdali-35-udariv-po-prikordonnu-cernigivsini-ta-sumsini.html,404,,sitemap|v1_p0
ukrinform,https://www.ukrinform.ua/rubric-ato/3704736-belgia-gotue-novij-paket-vijskovoi-dopomogi-ukraini.html,200,missing body or title,sitemap|v1_p0
ukrinform,https://www.ukrinform.ua/rubric-ato/3704863-rosia-ne-nadae-zodnih-danih-pro-deportovanih-ukrainskih-ditej-lubinec.html,502,,sitemap|v1_p0
ukrinform,https://www.ukrinform.ua/rubric-ato/3704885-stati-pridilaut-veliku-uvagu-peredaci-ukraini-zasobiv-ppo-bilij-dim.html,502,,sitemap|v1_p0
ukrinform,https://www.ukrinform.ua/rubric-ato/3705078-ukraina-povernula-tila-se-80-zagiblih-voiniv.html,200,missing body or title,sitemap|v1_p0
ukrinform,https://www.ukrinform.ua/rubric-ato/3705455-vijskovi-vvazaut-ostanni-povitrani-ataki-z-boku-rosii-rozvidkou-malar.html,200,missing body or title,sitemap|v1_p0
ukrinform,https://www.ukrinform.ua/rubric-ato/3705703-u-minoboroni-zaklikali-ne-sukati-glibokih-sensiv-u-zaavah-rosijskih-vatazkiv.html,200,missing body or title,sitemap|v1_p0
ukrinform,https://www.ukrinform.ua/rubric-ato/3705854-prigozin-i-kadirov-hocut-zvinuvatiti-armiu-rf-v-nevdacah-u-bahmuti-isw.html,200,missing body or title,sitemap|v1_p0
ukrinform,https://www.ukrinform.ua/rubric-ato/3705881-rosiani-zavdali-19-udariv-po-prikordonnu-cernigivsini.html,,,sitemap|v1_p0
ukrinform,https://www.ukrinform.ua/rubric-ato/3705883-bezpilotniki-sogodni-roblat-revoluciu-na-fronti-ignat.html,,,sitemap|v1_p0
ukrinform,https://www.ukrinform.ua/rubric-ato/3705885-danilov-dla-rosii-zaraz-vidbuvaetsa-katastrofa-ta-najgirse-poperedu.html,,,sitemap|v1_p0
ukrinform,https://www.ukrinform.ua/rubric-ato/3705893-vorog-namagaetsa-sturmuvati-pozicii-zsu-poblizu-bilogorivki-ale-zaznae-vtrat.html,,,sitemap|v1_p0
ukrinform,https://www.ukrinform.ua/rubric-ato/3705894-rosia-ne-mae-zodnogo-potencialu-dla-masstabnogo-nastupu-budanov.html,,,sitemap|v1_p0
ukrinform,https://www.ukrinform.ua/rubric-ato/3705898-sili-oboroni-na-tavrijskomu-napramku-za-dobu-znisili-bils-ak-rotu-zagarbnikiv.html,,,sitemap|v1_p0
ukrinform,https://www.ukrinform.ua/rubric-ato/3705907-u-rosii-bagato-sil-hocut-fizicno-usunuti-prigozina-budanov.html,,,sitemap|v1_p0
ukrinform,https://www.ukrinform.ua/rubric-ato/3705916-oleg-kotenko-upovnovazenij-z-pitan-osib-zniklih-bezvisti-za-osoblivih-obstavin.html,,,sitemap|v1_p0
ukrinform,https://www.ukrinform.ua/rubric-ato/3705922-sirskij-nagorodiv-pihotinciv-aki-strimuut-zagarbnikiv-na-peredovij.html,,,sitemap|v1_p0
ukrinform,https://www.ukrinform.ua/rubric-ato/3705932-zagarbniki-rozsiruut-taktiku-viprobovuuci-ukrainsku-ppo-gumenuk.html,,,sitemap|v1_p0
ukrinform,https://www.ukrinform.ua/rubric-ato/3705969-bilse-peremog-ukraini-na-poli-bou-prizvedut-do-zbilsenna-dopomogi-zelenskij.html,,,sitemap|v1_p0
ukrinform,https://www.ukrinform.ua/rubric-ato/3705980-rosiani-za-den-sist-raziv-obstrilali-prikordonna-sumsini-ta-cernigivsini.html,,,sitemap|v1_p0
ukrinform,https://www.ukrinform.ua/rubric-ato/3705988-zaluznij-zustrivsa-z-generalnim-inspektorom-bundesveru-govorili-pro-situaciu-na-fronti.html,,,sitemap|v1_p0
ukrinform,https://www.ukrinform.ua/rubric-ato/3705989-u-rosii-zavitsa-velika-panika-koli-ukraina-rozpocne-kontrnastup-gavrilov.html,,,sitemap|v1_p0
ukrinform,https://www.ukrinform.ua/rubric-ato/3705996-aviacia-rf-skinula-pat-kerovanih-aviabomb-po-hersonsini-e-rujnuvanna.html,,,sitemap|v1_p0
ukrinform,https://www.ukrinform.ua/rubric-ato/3706007-vorog-obstrilav-harkivsinu-e-poranena.html,,,sitemap|v1_p0
ukrinform,https://www.ukrinform.ua/rubric-ato/3706008-rosiani-zbilsili-intensivnist-obstriliv-iz-vazkogo-ozbroenna-u-bahmuti-sirskij.html,,,sitemap|v1_p0
ukrinform,https://www.ukrinform.ua/rubric-ato/3706021-rosiani-zoseredilisa-na-cotiroh-napramkah-vedutsa-vazki-boi-za-bahmut-ta-marinku.html,,,sitemap|v1_p0
ukrinform,https://www.ukrinform.ua/rubric-ato/3706023-vorog-obstrilav-nikopol-z-vazkoi-artilerii-e-poranenij.html,,,sitemap|v1_p0
ukrinform,https://www.ukrinform.ua/rubric-ato/3706032-bitva-za-ukrainu-den-cotirista-tridcat-vosmij.html,,,sitemap|v1_p0
ukrinform,https://www.ukrinform.ua/rubric-ato/3706038-usi-hto-dopomagae-ukraini-povertati-bezpeku-e-zahisnikami-miru-zelenskij.html,,,sitemap|v1_p0
ukrinform,https://www.ukrinform.ua/rubric-ato/3706054-vazlivo-abi-svit-znav-pro-kozen-fakt-rosijskogo-teroru-zelenskij.html,,,sitemap|v1_p0
ukrinform,https://www.ukrinform.ua/rubric-ato/3706063-vorog-se-cotiri-razi-obstrilav-prikordonna-cernigivsini-ta-sumsini.html,,,sitemap|v1_p0
ukrinform,https://www.ukrinform.ua/rubric-ato/3706065-vorog-ne-vidmovivsa-vid-idei-raketnogo-udaru-u-mori-cotiri-nosii-z-32-kalibrami-gumenuk.html,,,sitemap|v1_p0
ukrinform,https://www.ukrinform.ua/rubric-ato/3706066-o-1230-brifing-uria-ignata-pro-zahist-neba.html,,,sitemap|v1_p0
ukrinform,https://www.ukrinform.ua/rubric-ato/3706069-vorog-za-den-16-raziv-obstrilav-prikordonna-sumsini-poskodzena-lep.html,,,sitemap|v1_p0
ukrinform,https://www.ukrinform.ua/rubric-ato/3706071-v-odesi-progrimiv-vibuh-zmi.html,,,sitemap|v1_p0
ukrinform,https://www.ukrinform.ua/rubric-ato/3706072-u-kievi-ta-nizci-oblastej-povitrana-trivoga.html,,,sitemap|v1_p0
ukrinform,https://www.ukrinform.ua/rubric-ato/3706073-pisla-vibuhu-v-odesi-spalahnula-pozeza.html,,,sitemap|v1_p0
ukrinform,https://www.ukrinform.ua/rubric-ato/3706074-na-kiivsini-pracue-ppo.html,,,sitemap|v1_p0
ukrinform,https://www.ukrinform.ua/rubric-ato/3706075-odesina-zaznala-raketnoi-ataki-ova.html,,,sitemap|v1_p0
ukrinform,https://www.ukrinform.ua/rubric-ato/3706077-ssa-vpevneni-so-sistema-patriot-v-ukraini-vperse-zbila-rosijsku-giperzvukovu-raketu-cnn.html,,,sitemap|v1_p0
ukrinform,https://www.ukrinform.ua/rubric-ato/3706084-rosiani-vdarili-po-odesini-raketami-h22-ok-pivden.html,,,sitemap|v1_p0
ukrinform,https://www.ukrinform.ua/rubric-ato/3706093-ukrainski-zahisniki-znisili-vsi-35-sahediv-zapusenih-vorogom-ciei-noci.html,,,sitemap|v1_p0
ukrinform,https://www.ukrinform.ua/rubric-ato/3706095-sili-oboroni-vidbili-55-atak-na-cotiroh-napramkah.html,,,sitemap|v1_p0
ukrinform,https://www.ukrinform.ua/rubric-ato/3706106-zagostrenna-z-boku-rf-mozlive-nezalezno-vid-dati-malar.html,,,sitemap|v1_p0
ukrinform,https://www.ukrinform.ua/rubric-ato/3706110-sili-oboroni-znisili-vze-194-970-vijskovih-rf.html,,,sitemap|v1_p0
ukrinform,https://www.ukrinform.ua/rubric-ato/3706126-rosia-verbue-migrantiv-dla-vijni-proti-ukraini-britanska-rozvidka.html,,,sitemap|v1_p0
ukrinform,https://www.ukrinform.ua/rubric-ato/3706131-rosiani-zranku-trici-obstrilali-prikordonna-cernigivsini.html,,,sitemap|v1_p0
ukrinform,https://www.ukrinform.ua/rubric-ato/3706136-komanduvac-povitranih-sil-nagadav-pro-serjoznu-zagrozu-vid-ulamkiv-raket-ta-bpla.html,,,sitemap|v1_p0
ukrinform,https://www.ukrinform.ua/rubric-ato/3706159-nezvicajna-pacientka-ada.html,,,sitemap|v1_p0
ukrinform,https://www.ukrinform.ua/rubric-ato/3706162-u-mariupoli-fiksuut-peremisenna-rosijskih-tankiv-ta-sistem-ppo.html,,,sitemap|v1_p0
ukrinform,https://www.ukrinform.ua/rubric-ato/3706209-u-cornomu-mori-rosia-trimae-cotiri-raketonosii-iz-32-kalibrami.html,,,sitemap|v1_p0
ukrinform,https://www.ukrinform.ua/rubric-ato/3706216-v-ukraini-masstabna-povitrana-trivoga.html,,,sitemap|v1_p0
ukrinform,https://www.ukrinform.ua/rubric-ato/3706226-cerez-rosijsku-agresiu-v-ukraini-postrazdali-1-444-ditini.html,,,sitemap|v1_p0
ukrinform,https://www.ukrinform.ua/rubric-ato/3706227-u-rosijskij-armii-jdut-perestanovki-cerez-proval-zimovogo-nastupu-gur.html,,,sitemap|v1_p0
ukrinform,https://www.ukrinform.ua/rubric-ato/3706237-povitrani-ataki-i-postacanna-boepripasiv-zelenskij-proviv-zasidanna-stavki.html,,,sitemap|v1_p0
ukrinform,https://www.ukrinform.ua/rubric-ato/3706244-u-rajoni-bahmuta-rosiani-za-devat-misaciv-vtratili-blizko-100-tisac-zivoi-sili-zsu.html,,,sitemap|v1_p0
ukrinform,https://www.ukrinform.ua/rubric-ato/3706245-zagarbniki-posilili-obstrili-zaporizkoi-oblasti-z-artilerii-ta-rszv.html,,,sitemap|v1_p0
ukrinform,https://www.ukrinform.ua/rubric-ato/3706252-trivogu-v-ukraini-ogolosuvali-cerez-vilit-mig31k-akij-e-nosiem-kindzala-ignat.html,,,sitemap|v1_p0
ukrinform,https://www.ukrinform.ua/rubric-ato/3706263-u-mariupoli-fiksuut-visoku-aktivnist-rosijskih-gvintokriliv.html,,,sitemap|v1_p0
ukrinform,https://www.ukrinform.ua/rubric-ato/3706275-aviacia-rf-ne-zalitae-u-zonu-urazenna-ppo-i-namagaetsa-distancijno-zavdavati-udariv-ignat.html,,,sitemap|v1_p0
ukrinform,https://www.ukrinform.ua/rubric-ato/3706293-zsu-znisili-na-lugansini-dva-skladi-z-boepripasami-cotiri-tanki-i-bmp.html,,,sitemap|v1_p0
ukrinform,https://www.ukrinform.ua/rubric-ato/3706297-rf-castise-vikoristovue-barazuuci-boepripasi-namagaetsa-zirvati-pidgotovku-zsu-do-kontrnastupu.html,,,sitemap|v1_p0
ukrinform,https://www.ukrinform.ua/rubric-ato/3706316-udar-rf-znisiv-sklad-cervonogo-hresta-z-gumanitarnou-dopomogou-na-odesini.html,,,sitemap|v1_p0
ukrinform,https://www.ukrinform.ua/rubric-ato/3706334-odesinu-vnoci-atakuvali-rosijskimi-litakami-z-krimu-ignat.html,,,sitemap|v1_p0
ukrinform,https://www.ukrinform.ua/rubric-ato/3706350-rosiani-znovu-obstrilali-prikordonna-cernigivsini.html,,,sitemap|v1_p0
ukrinform,https://www.ukrinform.ua/rubric-ato/3706356-na-hersonsini-zagarbniki-poranili-devatoh-civilnih-u-ih-cisli-ditina.html,,,sitemap|v1_p0
ukrinform,https://www.ukrinform.ua/rubric-ato/3706398-sili-specoperacij-znisili-rosijskij-kulemetnij-rozrahunok-u-bahmuti.html,,,sitemap|v1_p0
ukrinform,https://www.ukrinform.ua/rubric-ato/3706405-za-proektom-armia-droniv-ukomplektuvali-bijciv-se-vosmi-udarnih-rot-bpla.html,,,sitemap|v1_p0
ukrinform,https://www.ukrinform.ua/rubric-ato/3706414-google-pokazav-naslidki-vtorgnenna-rf-v-ukrainu-na-suputnikovih-znimkah.html,,,sitemap|v1_p0
ukrinform,https://www.ukrinform.ua/rubric-ato/3706415-na-hersonsini-znisili-tri-rosijski-bezpilotniki.html,,,sitemap|v1_p0
ukrinform,https://www.ukrinform.ua/rubric-ato/3706446-vorog-nastupae-na-cotiroh-napramkah-za-bahmut-i-marinku-vazki-boi.html,,,sitemap|v1_p0
ukrinform,https://www.ukrinform.ua/rubric-ato/3706448-polsa-peredala-ukraini-desat-vinisuvaciv-mig29.html,,,sitemap|v1_p0
ukrinform,https://www.ukrinform.ua/rubric-ato/3706451-bitva-za-ukrainu-den-cotirista-tridcat-devatij.html,,,sitemap|v1_p0
ukrinform,https://www.ukrinform.ua/rubric-ato/3706485-vorog-udariv-iskanderom-po-pavlogradskomu-rajonu.html,,,sitemap|v1_p0
ukrinform,https://www.ukrinform.ua/rubric-ato/3706493-rosiani-za-dobu-12-raziv-obstrilali-prikordonni-gromadi-sumsini.html,,,sitemap|v1_p0
ukrinform,https://www.ukrinform.ua/rubric-ato/3706497-prezident-uspihi-ukrainciv-v-oboroni-proti-agresii-rf-ce-antidot-proti-insih-agresij.html,,,sitemap|v1_p0
ukrinform,https://www.ukrinform.ua/rubric-ato/3706498-vijska-rf-zavdaut-udariv-po-harkovu.html,,,sitemap|v1_p0
ukrinform,https://www.ukrinform.ua/rubric-ato/3706500-zelenskij-rozpoviv-pro-detali-sogodnisnogo-zasidanna-stavki.html,,,sitemap|v1_p0
ukrinform,https://www.ukrinform.ua/rubric-ato/3706501-posolstvo-italii-zaklikalo-gromadan-vidmovitis-vid-poizdok-do-ukraini.html,,,sitemap|v1_p0
ukrinform,https://www.ukrinform.ua/rubric-ato/3706502-rosiani-but-po-harkivsini-raketami-s300-e-tri-vlucanna.html,,,sitemap|v1_p0
ukrinform,https://www.ukrinform.ua/rubric-ato/3706503-prezident-gotuemo-sistemu-dij-aka-dopomoze-svidse-rozminovuvati-teritorii.html,,,sitemap|v1_p0
ukrinform,https://www.ukrinform.ua/rubric-ato/3706505-u-dnipri-prolunali-vibuhi.html,,,sitemap|v1_p0
ukrinform,https://www.ukrinform.ua/rubric-ato/3706508-vorog-pidvisiv-intensivnist-atak-na-bahmut-i-zbilsiv-kilkist-soldativ-kombrig-grisenko.html,,,sitemap|v1_p0
ukrinform,https://www.ukrinform.ua/rubric-ato/3706510-u-polsi-kazut-so-ne-potribno-kvapiti-ukrainciv-z-kontrnastupom.html,,,sitemap|v1_p0
ukrinform,https://www.ukrinform.ua/rubric-ato/3706519-derzdep-zreaguvav-na-ostanni-povitrani-ataki-rosian-na-ukrainski-mista.html,,,sitemap|v1_p0
ukrinform,https://www.ukrinform.ua/rubric-ato/3706531-podolak-pro-kontrnastup-ce-ne-odna-bitva-aka-vse-virisit.html,,,sitemap|v1_p0
ukrinform,https://www.ukrinform.ua/rubric-ato/3706534-u-kievi-ta-nizci-oblastej-povitrana-trivoga.html,,,sitemap|v1_p0
ukrinform,https://www.ukrinform.ua/rubric-ato/3706535-ukrainci-u-vidni-vidznacili-den-pamati-ta-primirenna.html,,,sitemap|v1_p0
ukrinform,https://www.ukrinform.ua/rubric-ato/3706536-na-kiivsini-pracue-ppo.html,,,sitemap|v1_p0
ukrinform,https://www.ukrinform.ua/rubric-ato/3706538-zagarbniki-pocali-mobilizaciu-budzetnikiv-u-mariupoli.html,,,sitemap|v1_p0
ukrinform,https://www.ukrinform.ua/rubric-ato/3706542-u-kievi-ulamki-rosijskoi-raketi-vpali-na-podvira-privatnogo-budinku.html,,,sitemap|v1_p0
ukrinform,https://www.ukrinform.ua/rubric-ato/3706544-u-kievi-zagasili-ulamok-raketi-akij-upav-na-podvira.html,,,sitemap|v1_p0
ukrinform,https://www.ukrinform.ua/rubric-ato/3706545-ataka-na-kiiv-sili-ppo-znisili-blizko-pivtora-desatka-povitranih-cilej.html,,,sitemap|v1_p0
ukrinform,https://www.ukrinform.ua/rubric-ato/3706547-aviacia-zsu-zavdala-16-udariv-po-poziciah-voroga.html,,,sitemap|v1_p0
ukrinform,https://www.ukrinform.ua/rubric-ato/3706548-ssa-gotuut-novij-paket-vijskovoi-dopomogi-ukraini-cnn.html,,,sitemap|v1_p0
ukrinform,https://www.ukrinform.ua/rubric-ato/3706554-rosiani-vnoci-vipustili-po-ukraini-25-krilatih-raket-23-z-nih-znisila-ppo.html,,,sitemap|v1_p0
ukrinform,https://www.ukrinform.ua/rubric-ato/3706555-ulamki-rosijskoi-raketi-vpali-na-cotiripoverhivku-u-dnipri-postrazdala-zinka.html,,,sitemap|v1_p0
ukrinform,https://www.ukrinform.ua/rubric-ato/3706566-zsu-znisili-vze-195-620-rosijskih-zagarbnikiv.html,,,sitemap|v1_p0
ukrinform,https://www.ukrinform.ua/rubric-ato/3706574-genstab-zsu-ne-vikluceno-so-rosia-gotue-provokacii-proti-vlasnogo-naselenna-pid-cas-paradiv.html,,,sitemap|v1_p0
ukrinform,https://www.ukrinform.ua/rubric-ato/3706583-vorog-atakuvav-cerkasinu-dvoma-krilatimi-raketami-e-rujnuvanna.html,,,sitemap|v1_p0
ukrinform,https://www.ukrinform.ua/rubric-ato/3706604-armia-rf-poranila-v-ukraini-967-ditej.html,,,sitemap|v1_p0
ukrinform,https://www.ukrinform.ua/rubric-ato/3706609-zagarbniki-vranci-ta-vnoci-zavdali-9-udariv-po-prikordonnu-sumsini.html,,,sitemap|v1_p0
ukrinform,https://www.ukrinform.ua/rubric-ato/3706613-posol-britanii-vidreaguvala-na-cergovu-nicnu-raketnu-ataku-rf-po-kievu.html,,,sitemap|v1_p0
ukrinform,https://www.ukrinform.ua/rubric-ato/3706624-rosia-vidznacae-9-travna-novimi-raketnimi-atakami-po-mistah-ukraini-posol-ssa.html,,,sitemap|v1_p0
ukrinform,https://www.ukrinform.ua/rubric-ato/3706630-u-persij-hvili-zapusku-zniseni-100-rosijskih-raket-ignat.html,,,sitemap|v1_p0
ukrinform,https://www.ukrinform.ua/rubric-ato/3706652-zsu-rozpocnut-kontrnastup-koli-dla-cogo-bude-vidpovidnij-cas-smigal.html,,,sitemap|v1_p0
ukrinform,https://www.ukrinform.ua/rubric-ato/3706658-vorog-trimae-u-cornomu-mori-pat-raketonosiiv-z-28-kalibrami-gumenuk.html,,,sitemap|v1_p0
ukrinform,https://www.ukrinform.ua/rubric-ato/3706676-rutte-niderlandi-obgovoruut-zi-ssa-britanieu-ta-danieu-peredacu-ukraini-f16.html,,,sitemap|v1_p0
ukrinform,https://www.ukrinform.ua/rubric-ato/3706678-rf-potuzno-obstrilue-hersonsinu-abi-zapobigti-kontrnastupu-gumenuk.html,,,sitemap|v1_p0
ukrinform,https://www.ukrinform.ua/rubric-ato/3706699-kuleba-vcergove-zaklikav-partneriv-nadati-ukraini-litaki-f16.html,,,sitemap|v1_p0
ukrinform,https://www.ukrinform.ua/rubric-ato/3706736-u-cornomu-mori-rosia-trimae-cotiri-raketonosii-iz-32-kalibrami.html,,,sitemap|v1_p0
ukrinform,https://www.ukrinform.ua/rubric-ato/3706746-es-gotovij-nadati-ukraini-miljon-snaradiv-dla-artilerii-zelenskij.html,,,sitemap|v1_p0
ukrinform,https://www.ukrinform.ua/rubric-ato/3706752-na-limanskomu-ta-kupanskomu-napramkah-za-dobu-vorog-448-raziv-vdariv-po-poziciah-zsu.html,,,sitemap|v1_p0
ukrinform,https://www.ukrinform.ua/rubric-ato/3706774-zbitta-kindzala-zsu-vidpravili-v-nokaut-rosijski-tehniku-i-propagandu.html,,,sitemap|v1_p0
ukrinform,https://www.ukrinform.ua/rubric-ato/3706777-nacgvardiec-z-igli-zbiv-rosijsku-krilatu-raketu-aka-letila-na-kiiv.html,,,sitemap|v1_p0
ukrinform,https://www.ukrinform.ua/rubric-ato/3706789-na-fronti-zaginuv-pracivnik-ofisu-prezidenta.html,,,sitemap|v1_p0
ukrinform,https://www.ukrinform.ua/rubric-ato/3706794-boepripasi-dla-ukraini-evroparlament-uhvaliv-terminovij-poradok-prijnatta-akta-es.html,,,sitemap|v1_p0
ukrinform,https://www.ukrinform.ua/rubric-ato/3706799-na-mikolaivsini-ppo-znisila-rosijskij-rozviduvalnij-bezpilotnik.html,,,sitemap|v1_p0
ukrinform,https://www.ukrinform.ua/rubric-ato/3706803-zelenskij-pro-aktivizaciu-raketnih-udariv-kerivnictvu-rf-treba-sos-prodavati-suspilstvu.html,,,sitemap|v1_p0
ukrinform,https://www.ukrinform.ua/rubric-ato/3706809-pamati-voina-inozemnogo-legionu-bijca-sso-azov-kristofera-dzejmsa-kempbela.html,,,sitemap|v1_p0
ukrinform,https://www.ukrinform.ua/rubric-ato/3706813-situacia-u-bahmuti-visim-boezitknen-za-dobu-zsu-znisili-i-poranili-ponad-370-zagarbnikiv.html,,,sitemap|v1_p0
ukrinform,https://www.ukrinform.ua/rubric-ato/3706832-u-cornomu-mori-zrosla-kilkist-vorozih-raketonosiiv-ok-pivden.html,,,sitemap|v1_p0
ukrinform,https://www.ukrinform.ua/rubric-ato/3706840-pamati-strilciv-brativ-romana-ta-leonida-butusinih.html,,,sitemap|v1_p0
ukrinform,https://www.ukrinform.ua/rubric-ato/3706853-rosiani-obstrilali-selo-na-hersonsini-zrujnuvali-feldserskij-punkt.html,,,sitemap|v1_p0
ukrinform,https://www.ukrinform.ua/rubric-ato/3706867-zagarbniki-zavdali-aviaudaru-po-orihovu-na-zaporizzi.html,,,sitemap|v1_p0
ukrinform,https://www.ukrinform.ua/rubric-ato/3706891-ssa-vidilaut-ukraini-novij-paket-vijskovoi-dopomogi-na-sumu-12-milarda-pentagon.html,,,sitemap|v1_p0
ukrinform,https://www.ukrinform.ua/rubric-ato/3706920-lider-respublikanciv-prognozue-so-kongres-prodovzit-finansuvanna-oboroni-ukraini.html,,,sitemap|v1_p0
ukrinform,https://www.ukrinform.ua/rubric-ato/3706970-vijska-rf-zdijsnili-majze-30-atak-na-cotiroh-napramkah.html,,,sitemap|v1_p0
ukrinform,https://www.ukrinform.ua/rubric-ato/3706971-ukraina-mae-peremogti-u-vijni-svidko-kleverli-zaklikav-zbilsiti-dopomogu.html,,,sitemap|v1_p0
ukrinform,https://www.ukrinform.ua/rubric-ato/3706985-gillari-klinton-zaklikala-kraini-nato-peredati-ukraini-use-neobhidne-dla-kontrnastupu.html,,,sitemap|v1_p0
ukrinform,https://www.ukrinform.ua/rubric-ato/3706989-bitva-za-ukrainu-den-cotirista-sorokovij.html,,,sitemap|v1_p0
ukrinform,https://www.ukrinform.ua/rubric-ato/3706991-sekretar-rnbo-ostatocnogo-planu-nastupu-se-nemae-u-roboti-kilka-variantiv.html,,,sitemap|v1_p0
ukrinform,https://www.ukrinform.ua/rubric-ato/3707003-na-tavrijskomu-napramku-rosiani-22-razi-bezrezultatno-atakuvali-pozicii-zsu.html,,,sitemap|v1_p0
ukrinform,https://www.ukrinform.ua/rubric-ato/3707005-zagarbniki-obstrilali-dvi-gromadi-na-dnipropetrovsini-e-rujnuvanna.html,,,sitemap|v1_p0
ukrinform,https://www.ukrinform.ua/rubric-ato/3707011-nimeckij-oboronnij-koncern-hoce-viroblati-v-ukraini-sistemi-ppo-ta-tanki-zmi.html,,,sitemap|v1_p0
ukrinform,https://www.ukrinform.ua/rubric-ato/3707014-vijska-rf-vdarili-raketami-po-kupansku-e-poraneni.html,,,sitemap|v1_p0
ukrinform,https://www.ukrinform.ua/rubric-ato/3707025-rosiani-dvici-za-den-obstrilali-prikordonna-cernigivsini.html,,,sitemap|v1_p0
ukrinform,https://www.ukrinform.ua/rubric-ato/3707040-zelenskij-lise-pitanna-casu-koli-mi-zmozemo-vidnoviti-spravedlivij-mir.html,,,sitemap|v1_p0
ukrinform,https://www.ukrinform.ua/rubric-ato/3707041-novij-paket-dopomogi-ukraini-rozrahovanij-na-dovgostrokovu-perspektivu-pentagon.html,,,sitemap|v1_p0
ukrinform,https://www.ukrinform.ua/rubric-ato/3707046-zelenskij-podakuvav-parlamentu-francii-za-viznanna-pvk-vagner-teroristami.html,,,sitemap|v1_p0
ukrinform,https://www.ukrinform.ua/rubric-ato/3707051-sili-oboroni-na-doneccini-znisili-reb-rosian.html,,,sitemap|v1_p0
ukrinform,https://www.ukrinform.ua/rubric-ato/3707052-zelenskij-bez-peremogi-nad-nacizmom-8-travna-ne-bulo-b-dna-evropi.html,,,sitemap|v1_p0
ukrinform,https://www.ukrinform.ua/rubric-ato/3707055-ssa-prodovzuut-navcanna-ukrainskih-pidrozdiliv-u-nimeccini-pentagon.html,,,sitemap|v1_p0
ukrinform,https://www.ukrinform.ua/rubric-ato/3707061-pentagon-pidtverdiv-so-sistema-patriot-v-ukraini-zbila-rosijskij-kindzal.html,,,sitemap|v1_p0
ukrinform,https://www.ukrinform.ua/rubric-ato/3707065-rosiani-za-dobu-14-raziv-obstrilali-prikordonna-sumsini.html,,,sitemap|v1_p0
ukrinform,https://www.ukrinform.ua/rubric-ato/3707081-cerez-proval-mobilizacii-rosiani-perezapuskaut-sistemu-vijskkomativ-na-lugansini.html,,,sitemap|v1_p0
ukrinform,https://www.ukrinform.ua/rubric-ato/3707089-zsu-urazili-dva-artilerijski-pidrozdili-ta-dva-zrk-voroga.html,,,sitemap|v1_p0
ukrinform,https://www.ukrinform.ua/rubric-ato/3707091-poblizu-bahmuta-zaginuv-francuzkij-zurnalist-arman-soldin.html,,,sitemap|v1_p0
ukrinform,https://www.ukrinform.ua/rubric-ato/3707098-ukrainski-bijci-znisili-vze-196-310-zagarbnikiv.html,,,sitemap|v1_p0
ukrinform,https://www.ukrinform.ua/rubric-ato/3707166-zaluznij-ne-poihav-na-zustric-vijskovogo-komitetu-nato-cerez-situaciu-na-fronti.html,,,sitemap|v1_p0
ukrinform,https://www.ukrinform.ua/rubric-ato/3707168-za-dobu-vnaslidok-rosijskih-obstriliv-dvoe-civilnih-zaginuli-patero-poraneni.html,,,sitemap|v1_p0
ukrinform,https://www.ukrinform.ua/rubric-ato/3707180-valentin-badrak-direktor-centru-doslidzen-armii-konversii-ta-rozzbroenna.html,,,sitemap|v1_p0
ukrinform,https://www.ukrinform.ua/rubric-ato/3707183-na-tavrijskomu-napramku-zagarbniki-za-dobu-vtratili-majze-rotu.html,,,sitemap|v1_p0
ukrinform,https://www.ukrinform.ua/rubric-ato/3707209-u-cornomu-mori-rosia-trimae-17-korabliv-sered-nih-tri-z-kalibrami.html,,,sitemap|v1_p0
ukrinform,https://www.ukrinform.ua/rubric-ato/3707219-georgiivski-stricki-alkogol-ta-feerverki-u-latvii-9-travna-zatrimali-26-osib.html,,,sitemap|v1_p0
ukrinform,https://www.ukrinform.ua/rubric-ato/3707227-vorog-obstrilue-herson-ludej-prosat-lisatisa-v-ukrittah.html,,,sitemap|v1_p0
ukrinform,https://www.ukrinform.ua/rubric-ato/3707230-vtrati-rf-na-vijni-v-ukraini-bilsi-niz-budhto-dumae-ekskomandir-britanskogo-tankovogo-polku.html,,,sitemap|v1_p0
ukrinform,https://www.ukrinform.ua/rubric-ato/3707231-zahist-neba-na-kiivsini-naev-peredav-ppo-partiu-pozaslahovikiv-dla-mobilnih-vognevih-grup.html,,,sitemap|v1_p0
ukrinform,https://www.ukrinform.ua/rubric-ato/3707238-rosiani-trici-obstrilali-prikordonna-cernigivsini-i-sumsini.html,,,sitemap|v1_p0
ukrinform,https://www.ukrinform.ua/rubric-ato/3707258-pid-bahmutom-rosijskij-soldat-zdavsa-u-polon-dronu.html,,,sitemap|v1_p0
ukrinform,https://www.ukrinform.ua/rubric-ato/3707259-vijska-rf-obstrilali-vovcansk-zaginuv-colovik.html,,,sitemap|v1_p0
ukrinform,https://www.ukrinform.ua/rubric-ato/3707284-koli-prigozin-pide-v-ataku-na-moskvu-i-ak-na-ce-vidreague-rosijske-suspilstvo.html,,,sitemap|v1_p0
ukrinform,https://www.ukrinform.ua/rubric-ato/3707310-u-minoboroni-sprostuvali-rosijski-fejki-pro-likvidaciu-ukrainskih-komanduvaciv-vsi-zivi.html,,,sitemap|v1_p0
ukrinform,https://www.ukrinform.ua/rubric-ato/3707316-nadanoi-ukraini-zbroi-ne-vistacit-dla-zvilnenna-krimu-i-donbasu-cogoric-ekspert.html,,,sitemap|v1_p0
ukrinform,https://www.ukrinform.ua/rubric-ato/3707319-rosia-viroblae-do-150-tankiv-na-rik-ale-mae-tisaci-starih-tankiv-dla-remontu-badrak.html,,,sitemap|v1_p0
ukrinform,https://www.ukrinform.ua/rubric-ato/3707322-kuleba-zaklikae-ne-vvazati-ukrainskij-kontrnastup-ostannim.html,,,sitemap|v1_p0
ukrinform,https://www.ukrinform.ua/rubric-ato/3707335-u-rosii-zalisilasa-obmezena-kilkist-kindzaliv-i-kalibriv-usov.html,,,sitemap|v1_p0
ukrinform,https://www.ukrinform.ua/rubric-ato/3707346-cerevatij-nazvav-fejkom-snaradnij-golod-rosian-u-bahmuti-524-obstrili-za-dobu.html,,,sitemap|v1_p0
ukrinform,https://www.ukrinform.ua/rubric-ato/3707359-sojgu-gerasimov-i-prigozin-vze-viznacaut-miz-sobou-vinnih-u-porazci-gur.html,,,sitemap|v1_p0
ukrinform,https://www.ukrinform.ua/rubric-ato/3707389-putin-nakazav-prizvati-zapasnikiv-na-vijskovi-zbori.html,,,sitemap|v1_p0
ukrinform,https://www.ukrinform.ua/rubric-ato/3707392-minus-14-cilej-za-dva-dni-sbu-pokazala-robotu-specpriznacenciv-i-bilih-vovkiv.html,,,sitemap|v1_p0
ukrinform,https://www.ukrinform.ua/rubric-ato/3707403-rosiani-za-sogodni-obstrilali-blizko-20-naselenih-punktiv-harkivsini.html,,,sitemap|v1_p0
ukrinform,https://www.ukrinform.ua/rubric-ato/3707406-cehia-peredast-ukraini-dvi-sistemi-ppo-kub-iz-raketami.html,,,sitemap|v1_p0
ukrinform,https://www.ukrinform.ua/rubric-ato/3707421-rosiani-obstrilali-selo-u-kahovskomu-rajoni-zaginula-zinka.html,,,sitemap|v1_p0
ukrinform,https://www.ukrinform.ua/rubric-ato/3707429-vorog-zoserediv-ataki-na-cotiroh-napramkah-za-bahmut-i-marinku-vedutsa-boi.html,,,sitemap|v1_p0
ukrinform,https://www.ukrinform.ua/rubric-ato/3707430-irlandski-vijskovi-vcat-ukrainskih-rozminuvannu-ta-zneskodzennu-bomb.html,,,sitemap|v1_p0
ukrinform,https://www.ukrinform.ua/rubric-ato/3707434-u-bazi-nacpolicii-vze-e-ponad-200-tisac-rosian-aki-vcinali-zlocini-v-ukraini-nebitov.html,,,sitemap|v1_p0
ukrinform,https://www.ukrinform.ua/rubric-ato/3707438-sirskij-pro-bahmut-na-okremih-dilankah-rosiani-vidstupili-na-distanciu-do-2-kilometriv.html,,,sitemap|v1_p0
ukrinform,https://www.ukrinform.ua/rubric-ato/3707443-cerez-obstrili-v-nikopolskomu-rajoni-postrazdalo-pidpriemstvo.html,,,sitemap|v1_p0
ukrinform,https://www.ukrinform.ua/rubric-ato/3707460-bitva-za-ukrainu-den-cotirista-sorok-persij.html,,,sitemap|v1_p0
ukrinform,https://www.ukrinform.ua/rubric-ato/3707474-rosia-mae-usvidomiti-so-ij-ne-peremogti-v-ukraini-britania-v-obse.html,,,sitemap|v1_p0
ukrinform,https://www.ukrinform.ua/rubric-ato/3707475-o-1400-opriludnenna-dokaziv-voennih-zlociniv-rf-proti-ukrainskih-ditej.html,,,sitemap|v1_p0
ukrinform,https://www.ukrinform.ua/rubric-ato/3707486-rosiani-obstrilali-prikordonna-cernigivsini-nekerovanimi-aviacijnimi-raketami.html,,,sitemap|v1_p0
ukrinform,https://www.ukrinform.ua/rubric-ato/3707487-vijna-v-ukraini-dedali-silnise-protistavlatime-kilkist-akosti-admiral-bauer.html,,,sitemap|v1_p0
ukrinform,https://www.ukrinform.ua/rubric-ato/3707490-ukraina-napracovue-z-partnerami-novi-oboronni-paketi-zelenskij.html,,,sitemap|v1_p0
ukrinform,https://www.ukrinform.ua/rubric-ato/3707495-zelenskij-vidznaciv-derzavnimi-nagorodami-266-zahisnikiv.html,,,sitemap|v1_p0
ukrinform,https://www.ukrinform.ua/rubric-ato/3707498-same-v-ukraini-svit-bacitime-na-so-zdatna-evropa-prezident.html,,,sitemap|v1_p0
ukrinform,https://www.ukrinform.ua/rubric-ato/3707505-vagnerivci-vse-se-utrimuut-bilsu-castinu-bahmuta-politico.html,,,sitemap|v1_p0
ukrinform,https://www.ukrinform.ua/rubric-ato/3707512-kanada-ta-latvia-navcatimut-ukrainskih-oficeriv-liderskih-navicok.html,,,sitemap|v1_p0
ukrinform,https://www.ukrinform.ua/rubric-ato/3707529-zagarbniki-prodovzuut-sturmuvati-bahmut-ta-marinku-zsu-vidbili-39-atak.html,,,sitemap|v1_p0
ukrinform,https://www.ukrinform.ua/rubric-ato/3707541-ppo-zbila-rosijskij-dron-u-nebi-nad-dnipropetrovsinou.html,,,sitemap|v1_p0
ukrinform,https://www.ukrinform.ua/rubric-ato/3707542-sili-oboroni-znisili-vze-196-920-rosijskih-zagarbnikiv.html,,,sitemap|v1_p0
ukrinform,https://www.ukrinform.ua/rubric-ato/3707548-vorog-obstrilav-kasetnimi-ta-fosfornimi-snaradami-selo-poblizu-zaporizza-e-postrazdali.html,,,sitemap|v1_p0
ukrinform,https://www.ukrinform.ua/rubric-ato/3707558-rosia-trimae-u-cornomu-mori-dva-raketonosii-z-16-kalibrami.html,,,sitemap|v1_p0
ukrinform,https://www.ukrinform.ua/rubric-ato/3707562-rosijski-vijska-v-rajoni-bahmuta-obmezeni-u-zdatnosti-zahisatisa-vid-kontratak-zsu-isw.html,,,sitemap|v1_p0
ukrinform,https://www.ukrinform.ua/rubric-ato/3707565-kilkist-postrazdalih-vid-udaru-po-selisu-nepodalik-zaporizza-zrosla-do-vosmi.html,,,sitemap|v1_p0
ukrinform,https://www.ukrinform.ua/rubric-ato/3707574-u-kvitni-minoboroni-rf-zaverbuvalo-na-vijnu-v-ukraini-do-10-tisac-vazniv-rozvidka-britanii.html,,,sitemap|v1_p0
ukrinform,https://www.ukrinform.ua/rubric-ato/3707578-pamati-geroa-ukraini-pilota-gennadia-matulaka.html,,,sitemap|v1_p0
ukrinform,https://www.ukrinform.ua/rubric-ato/3707592-rosiani-vnoci-ta-vranci-devat-raziv-obstrilali-prikordonna-sumsini.html,,,sitemap|v1_p0
ukrinform,https://www.ukrinform.ua/rubric-ato/3707597-andrij-nebitov-nacalnik-golovnogo-upravlinna-nacionalnoi-policii-v-kiivskij-oblasti.html,,,sitemap|v1_p0
ukrinform,https://www.ukrinform.ua/rubric-ato/3707611-viktor-tregubov-zurnalist-politik-major-zsu.html,,,sitemap|v1_p0
ukrinform,https://www.ukrinform.ua/rubric-ato/3707623-zsu-vidbili-na-tavrijskomu-napramku-22-ataki-ta-znisili-ponad-rotu-zagarbnikiv.html,,,sitemap|v1_p0
ukrinform,https://www.ukrinform.ua/rubric-ato/3707632-ukraini-potribno-bilse-casu-dla-kontrnastupu-zelenskij.html,,,sitemap|v1_p0
ukrinform,https://www.ukrinform.ua/rubric-ato/3707639-danilov-listom-iz-prohannam-pro-obmin-boguslaev-pidtverdiv-so-buv-rosijskim-agentom.html,,,sitemap|v1_p0
ukrinform,https://www.ukrinform.ua/rubric-ato/3707644-naev-poasniv-ak-zdijsnuetsa-protipovitrana-oborona-kieva.html,,,sitemap|v1_p0
ukrinform,https://www.ukrinform.ua/rubric-ato/3707650-maemo-castkovij-uspih-bahmut-zdavati-ne-zbiraemosa-danilov.html,,,sitemap|v1_p0
ukrinform,https://www.ukrinform.ua/rubric-ato/3707651-zagarbniki-rozgrabuvali-usi-medicni-ustanovi-energodara-ta-pidpriemstva-navkolo-zaes-vijskovi.html,,,sitemap|v1_p0
ukrinform,https://www.ukrinform.ua/rubric-ato/3707656-policia-kiivsini-vidkrila-majze-115-tisaci-sprav-proti-rosijskih-zlocinciv-nebitov.html,,,sitemap|v1_p0
ukrinform,https://www.ukrinform.ua/rubric-ato/3707713-svedski-instruktori-vcat-novobranciv-zsu-vstanovluvati-inzenerni-zagorodzenna.html,200,missing body or title,sitemap|v1_p0
ukrinform,https://www.ukrinform.ua/rubric-ato/3708203-minoboroni-zamovit-dla-zsu-ukrainski-tanki-oplot.html,200,missing body or title,sitemap|v1_p0
ukrinform,https://www.ukrinform.ua/rubric-ato/3708650-blinken-ta-kuleba-obgovorili-postacanna-zbroi-ta-pidgotovku-ukrainskogo-kontrnastupu.html,200,missing body or title,sitemap|v1_p0
ukrinform,https://www.ukrinform.ua/rubric-ato/3709036-u-britanii-ukrainski-vijskovi-vidpracovuut-vedenna-vognu.html,200,missing body or title,sitemap|v1_p0
ukrinform,https://www.ukrinform.ua/rubric-ato/3709135-na-bahmutskomu-napramku-ukrainski-vijskovi-prodovzuut-ruhatis-vpered-malar.html,200,missing body or title,sitemap|v1_p0
ukrinform,https://www.ukrinform.ua/rubric-ato/3709152-vorog-obstrilav-kurahove-troe-poranenih.html,200,missing body or title,sitemap|v1_p0
ukrinform,https://www.ukrinform.ua/rubric-ato/3709363-vorog-obstrilav-herson-pid-udar-potrapiv-osvitnij-zaklad.html,200,missing body or title,sitemap|v1_p0
